DISPLAY ON LEVEL (0 to 6),YEAR,MONTH,DAY,HOUR,UNCERTAINTY (in hours),EVENT,STOPYEAR,STOPMONTH,STOPDAY,STOPHOUR,STOPUNCERTAINTY (in hours),,KEYWORD
6,-4026,10,1,,2160,Adam,-3096,,,,,https://www.jw.org/finder?srcid=jwlshare&wtlocale=E&prefer=lang&docid=1101990130&par=39,Person
4,-3979,,,,155520,God promises to raise up a seed that would break the works of Satan (Gen 3:15),,,,,,https://www.jw.org/finder?srcid=jwlshare&wtlocale=E&prefer=lang&docid=1997402&par=10,Sacred secret
4,-3976,,,,432000,Eva,,,,,,https://www.jw.org/finder?wtlocale=E&docid=1102017162&srctype=wol&srcid=share&par=9,Person
5,-3961,,,,302400,Abel,-3897,,,,,https://www.jw.org/finder?srcid=jwlshare&wtlocale=E&prefer=lang&docid=1102017162&par=9,Person
6,-3896,,,,,Seth,-2984,,,,,https://www.jw.org/finder?srcid=jwlshare&wtlocale=E&prefer=lang&docid=1200003911&par=3,Person
6,-3791,,,,,Enosh ,-2886,,,,,https://www.jw.org/finder?srcid=jwlshare&wtlocale=E&prefer=lang&docid=1200001372&par=3,Person
6,-3701,,,,,Kenan,-2791,,,,,https://www.jw.org/finder?srcid=jwlshare&wtlocale=E&prefer=lang&docid=1200002588&par=3,Person
6,-3631,,,,,Mahalalel,-2736,,,,,https://www.jw.org/finder?srcid=jwlshare&wtlocale=E&prefer=lang&docid=1200002839&par=3,Person
6,-3566,,,,,Jared,-2604,,,,,https://www.jw.org/finder?srcid=jwlshare&wtlocale=E&prefer=lang&docid=1200002329&par=3,Person
6,-3404,,,,,Enoch,-3039,,,,,https://www.jw.org/finder?srcid=jwlshare&wtlocale=E&prefer=lang&docid=2001688&par=3,Person
6,-3339,,,,,Methuselah,-2370,,,,,https://www.jw.org/finder?srcid=jwlshare&wtlocale=E&prefer=lang&docid=1200003022&par=3,Person
6,-3152,,,,,Lamech,-2385,,,,,https://www.jw.org/finder?srcid=jwlshare&wtlocale=E&prefer=lang&docid=1101990130&par=261,Person
6,-3096,,,,,Adam dies,,,,,,https://www.jw.org/finder?srcid=jwlshare&wtlocale=E&prefer=lang&bible=01005005&pub=nwtsty,Person
5,-3039,,,,,Enoch transferred,,,,,,https://www.jw.org/finder?wtlocale=E&docid=1101990130&srctype=wol&srcid=share&par=263,Person
6,-2970,,,,,Noah,-2070,,,,,https://www.jw.org/finder?srcid=jwlshare&wtlocale=E&prefer=lang&docid=1200003266&par=3,Person
4,-2490,,,,,Jehovah declares man’s days will amount to 120 years (deluge after),,,,,,https://www.jw.org/finder?srcid=jwlshare&wtlocale=E&prefer=lang&docid=1200003266&par=5,Historical
4,-2470,,,,,Japheth,,,,,,https://www.jw.org/finder?srcid=jwlshare&wtlocale=E&prefer=lang&docid=1200002323&par=3,Person
6,-2468,,,,,Shem,-1868,,,,,https://www.jw.org/finder?srcid=jwlshare&wtlocale=E&prefer=lang&docid=1200003997&par=5,Person
5,-2468,,,,,Shem,,,,,,https://www.jw.org/finder?srcid=jwlshare&wtlocale=E&prefer=lang&docid=1200003997&par=5,Person
4,-2445,,,,120000,Ham,,,,,,https://www.jw.org/finder?srcid=jwlshare&wtlocale=E&prefer=lang&docid=1200003266&par=5,Person
5,-2415,,,,62400,Noach and family build the ark,-2372,,,,17280,https://www.jw.org/finder?srcid=jwlshare&wtlocale=E&prefer=lang&docid=1200003266&par=5,Historical
4,-2370,,,,,Methuselah dies,,,,,,https://www.jw.org/finder?srcid=jwlshare&wtlocale=E&prefer=lang&docid=1200003022&par=3,Person
6,-2370,11,1,,,Floodwaters fall,,,,,,https://www.jw.org/finder?srcid=jwlshare&wtlocale=E&prefer=lang&docid=1200001150&par=2,Historical
3,-2370,10,24,,,Jehovah states that He will make it rain in seven days (Gen 7:4).,,,,,,https://www.jw.org/finder?srcid=jwlshare&wtlocale=E&prefer=lang&bible=01007004&pub=nwtsty,Historical
3,-2370,10,24,,,Noah and family in ark,-2369,11,,,,https://www.jw.org/finder?srcid=jwlshare&wtlocale=E&prefer=lang&bible=01007010&pub=nwtsty,Period
4,-2370,12,10,,,The rain stopped,,,,,,https://www.jw.org/finder?srcid=jwlshare&wtlocale=E&prefer=lang&bible=01007012&pub=nwtsty,Historical
4,-2370,11,1,,,The Flood,-2370,12,10,,,https://www.jw.org/finder?srcid=jwlshare&wtlocale=E&prefer=lang&bible=01007012&pub=nwtsty,Historical
4,-2369,4,,,,Ark comes to rest on mountains of Ararat,,,,,,https://www.jw.org/finder?srcid=jwlshare&wtlocale=E&prefer=lang&docid=2013566&par=18,Historical
4,-2369,6,,,,Mountain tops visible,,,,,,https://www.jw.org/finder?srcid=jwlshare&wtlocale=E&prefer=lang&docid=2013566&par=18,Historical
4,-2369,9,,,,Noah removes part of the roof,,,,,,https://www.jw.org/finder?srcid=jwlshare&wtlocale=E&prefer=lang&docid=2013566&par=18,Historical
4,-2369,11,,,,Noah and family go out of the ark,,,,,,https://www.jw.org/finder?srcid=jwlshare&wtlocale=E&prefer=lang&bible=01008014&pub=nwtsty,Historical
4,-2369,11,,,,Rainbow Covenant,,,,,,https://www.jw.org/finder?srcid=jwlshare&wtlocale=E&prefer=lang&bible=01009013&pub=nwtsty,Historical
4,-2368,,,,,Arpachshad,-1930,,,,,https://www.jw.org/finder?srcid=jwlshare&wtlocale=E&prefer=lang&docid=1101990130&par=271,Person
4,-2333,,,,,Shelah ,-1900,,,,,https://www.jw.org/finder?srcid=jwlshare&wtlocale=E&prefer=lang&docid=1200003988&par=3,Person
4,-2303,,,,,Eber,-1839,,,,,https://www.jw.org/finder?srcid=jwlshare&wtlocale=E&prefer=lang&bible=01011014&pub=nwtsty,Person
4,-2269,,,,,Peleg,-2030,,,,,https://www.jw.org/finder?srcid=jwlshare&wtlocale=E&prefer=lang&docid=1200003421&par=3,Person
5,-2269,,,,432000,Tower of Babel,,,,,,https://www.jw.org/finder?srcid=jwlshare&wtlocale=E&prefer=lang&docid=1101990130&par=272,Historical
4,-2239,,,,,Reu,-2000,,,,,https://www.jw.org/finder?srcid=jwlshare&wtlocale=E&prefer=lang&docid=1200003712&par=3,Person
4,-2207,,,,,Serug,-1977,,,,,https://www.jw.org/finder?srcid=jwlshare&wtlocale=E&prefer=lang&docid=1200003909&par=3,Person
4,-2177,,,,,Nahor,-2029,,,,,https://www.jw.org/finder?srcid=jwlshare&wtlocale=E&prefer=lang&docid=1200003170&par=3,Person
4,-2148,,,,,Terah,-1943,,,,,https://www.jw.org/finder?srcid=jwlshare&wtlocale=E&prefer=lang&bible=01011024&pub=nwtsty,Person
4,-2020,,,,,Noah dies,,,,,,https://www.jw.org/finder?srcid=jwlshare&wtlocale=E&prefer=lang&bible=01009029&pub=nwtsty,Person
6,-2018,,,,,Abraham,-1843,,,,,https://www.jw.org/finder?srcid=jwlshare&wtlocale=E&prefer=lang&docid=1200000060&par=4,Person
6,-2008,,,,,Sarah,-1881,,,,,https://www.jw.org/finder?srcid=jwlshare&wtlocale=E&prefer=lang&docid=1200003837&par=3,Person
5,-1943,3,29,,,Abraham crosses Euphrates (Abrahamic covenant),,,,,,https://www.jw.org/finder?srcid=jwlshare&wtlocale=E&prefer=lang&docid=2001604&par=18,Historical
6,-1943,3,29,,,430-year period (Ex. 12:40),-1513,3,29,,,https://www.jw.org/finder?srcid=jwlshare&wtlocale=E&prefer=lang&docid=2016527&par=13,Period
4,-1933,,,,,Lot rescued,,,,,,https://www.jw.org/finder?wtlocale=E&docid=1951246&srctype=wol&srcid=share&par=35,Person
4,-1933,,,,,Abraham visits Melchizedek,,,,,,https://www.jw.org/finder?wtlocale=E&docid=1200002436&srctype=wol&srcid=share&par=18,Historical
4,-1932,,,,,Ishmael,-1795,,,,,https://www.jw.org/finder?srcid=jwlshare&wtlocale=E&prefer=lang&docid=1200002215&par=3,Person
4,-1919,,,,,Circumcision instituted,,,,,,https://www.jw.org/finder?srcid=jwlshare&wtlocale=E&prefer=lang&docid=1200000977&par=3,Historical
4,-1919,,,,,Judgment of Sodom and Gomorrah,,,,,,https://www.jw.org/finder?srcid=jwlshare&wtlocale=E&prefer=lang&docid=1200004259&par=5,Historical
5,-1918,,,,,Isaac,-1738,,,,,https://www.jw.org/finder?srcid=jwlshare&wtlocale=E&prefer=lang&docid=1200002203&par=9,Person
1,-1918,,,,,Birth of Isaac as heir of the covenant Genesis 17:19 and 21:1-5),,,,,,https://www.jw.org/finder?srcid=jwlshare&wtlocale=E&prefer=lang&docid=1997403&par=53,Sacred secret
6,-1918,,,,,450-year period (Acts 13:20),-1467,,,,,https://www.jw.org/finder?srcid=jwlshare&wtlocale=E&prefer=lang&docid=1200002203&par=9,Period
6,-1913,3,29,,,400-year affliction upon Abraham’s offspring (Isaac was about 5 and Ishmael about 19),-1513,3,29,,,https://www.jw.org/finder?srcid=jwlshare&wtlocale=E&prefer=lang&docid=1200000060&par=15,Period
4,-1913,,,,,Hagar and Ishmael dismissed,,,,,,https://www.jw.org/finder?srcid=jwlshare&wtlocale=E&prefer=lang&docid=1200000060&par=15,Historical
4,-1893,,,,,Abraham attempts to sacrifice Isaac,,,,,,https://www.jw.org/finder?srcid=jwlshare&wtlocale=E&prefer=lang&docid=1200000060&par=16,Historical
4,-1878,,,,,Eliezer is sent to find a wife for Isaac,,,,,,https://www.jw.org/finder?srcid=jwlshare&wtlocale=E&prefer=lang&docid=1200003658&par=4,Historical
4,-1878,,,,,Isaac marries Rebekah,,,,,,https://www.jw.org/finder?srcid=jwlshare&wtlocale=E&prefer=lang&docid=1200003658&par=4,Historical
4,-1868,,,,,Shem dies,,,,,,https://www.jw.org/finder?srcid=jwlshare&wtlocale=E&prefer=lang&docid=1101990130&par=284,Person
5,-1858,,,,,Jacob,-1711,,,,,https://www.jw.org/finder?srcid=jwlshare&wtlocale=E&prefer=lang&docid=1200002279&par=3,Person
4,-1858,,,,,Esau,-1736,,,,216000,https://www.jw.org/finder?srcid=jwlshare&wtlocale=E&prefer=lang&docid=1200002279&par=3,Person
4,-1858,,,,,Esau and Jacob born,,,,,,https://www.jw.org/finder?srcid=jwlshare&wtlocale=E&prefer=lang&docid=1200002279&par=3,Person
5,-1843,,,,,Abraham dies,,,,,,https://www.jw.org/finder?srcid=jwlshare&wtlocale=E&prefer=lang&docid=1200000060&par=18,Historical
4,-1818,,,,,Esau marries 2 foreign wives (Hit’tites),,,,,,https://www.jw.org/finder?srcid=jwlshare&wtlocale=E&prefer=lang&bible=01026034&pub=nwtsty,Historical
4,-1781,,,,,Jacob flees to Haran (away from Esau),,,,,,https://www.jw.org/finder?srcid=jwlshare&wtlocale=E&prefer=lang&docid=1200003621&par=3,Historical
4,-1781,,,,,Jacob dreams of a stairway to heaven,,,,,,https://www.jw.org/finder?srcid=jwlshare&wtlocale=E&prefer=lang&docid=1200003109&par=3,Historical
4,-1774,,,,,Jacob marries Leah and Rachel,,,,,,https://www.jw.org/finder?srcid=jwlshare&wtlocale=E&prefer=lang&docid=1101990130&par=290,Historical
5,-1767,,,,,Joseph,-1657,,,,,https://www.jw.org/finder?srcid=jwlshare&wtlocale=E&prefer=lang&docid=1101990130&par=291,Person
4,-1761,,,,,Jacob returns to Canaan from Haran ,,,,,,https://www.jw.org/finder?srcid=jwlshare&wtlocale=E&prefer=lang&docid=1101990130&par=292,Historical
1,-1761,,,,8760,"Jehovah confirms that the seed will come via Jacob, the son of Isaac (Genesis 28:10-15)",,,,,,https://www.jw.org/finder?srcid=jwlshare&wtlocale=E&prefer=lang&docid=1997403&par=54,Sacred secret
4,-1761,,,,,Jacob wrestles angel and is named Israel,,,,,,https://www.jw.org/finder?srcid=jwlshare&wtlocale=E&prefer=lang&docid=1101990130&par=293,Historical
3,-1761,,,,,Jacob and Esau meet again,,,,,,https://www.jw.org/finder?wtlocale=E&docid=1200002227&srctype=wol&srcid=share&par=3,Historical
4,-1750,,,,,Joseph sold to traders ,,,,,,https://www.jw.org/finder?srcid=jwlshare&wtlocale=E&prefer=lang&docid=1200002279&par=36,Historical
4,-1744,,,,43200,Potiphar’s wife tries to seduce Joseph,,,,,,https://www.jw.org/finder?srcid=jwlshare&wtlocale=E&prefer=lang&docid=1200003534&par=4,Historical
4,-1739,,,,,The cupbearer and the baker explain their dreams to Joseph,,,,,,https://www.jw.org/finder?srcid=jwlshare&wtlocale=E&prefer=lang&bible=01041001&pub=nwtsty,Historical
4,-1738,,,,,Isaac dies,,,,,,https://www.jw.org/finder?srcid=jwlshare&wtlocale=E&prefer=lang&docid=1200002279&par=36,Person
4,-1737,,,,,"Joseph is released and is made second ruler of Egypt, after Pharaoh",,,,,,https://www.jw.org/finder?srcid=jwlshare&wtlocale=E&prefer=lang&docid=1101990130&par=296,Historical
4,-1731,,,,,Joseph gets 2 sons: Manasseh and Ephraim,,,,,,https://www.jw.org/finder?srcid=jwlshare&wtlocale=E&prefer=lang&bible=01041050&pub=nwtsty,Historical
4,-1730,,,,,The brothers of Joseph come to Egypt to buy food,,,,,,https://www.jw.org/finder?srcid=jwlshare&wtlocale=E&prefer=lang&bible=01041053&pub=nwtsty,Historical
5,-1728,,,,,Jacob and his family arrive in Egypt,,,,,,https://www.jw.org/finder?srcid=jwlshare&wtlocale=E&prefer=lang&docid=1200002279&par=39,Historical
5,-1728,,,,,God’s people live in Egypte,-1513,3,29,,,https://www.jw.org/finder?srcid=jwlshare&wtlocale=E&prefer=lang&docid=1200001458&par=9,Historical
1,-1711,,,,,Jacob acknowledges that the seed will come via his son Juda (Genesis 49:10),,,,,,https://www.jw.org/finder?srcid=jwlshare&wtlocale=E&prefer=lang&docid=1997403&par=55,Sacred secret
4,-1711,,,,,Jacob dies,,,,,,https://www.jw.org/finder?srcid=jwlshare&wtlocale=E&prefer=lang&docid=1101990130&par=298,Person
4,-1657,,,,,Joseph dies,,,,,,https://www.jw.org/finder?srcid=jwlshare&wtlocale=E&prefer=lang&docid=1101990130&par=299,Person
5,-1628,,,,130000,Job,-1473,,,,,https://www.jw.org/finder?srcid=jwlshare&wtlocale=E&prefer=lang&bible=18001003&pub=nwtsty,Person
5,-1613,,,,,Job tried,,,,,,https://www.jw.org/finder?srcid=jwlshare&wtlocale=E&prefer=lang&docid=1101990130&par=300,Person
4,-1602,,,,,Miriam,-1474,5,15,,1440,https://www.jw.org/finder?srcid=jwlshare&wtlocale=E&prefer=lang&docid=1200000005&par=3,Person
6,-1600,,,,,Egypt world power,-740,,,,,https://www.jw.org/finder?wtlocale=E&docid=1988087&srctype=wol&srcid=share&par=27,Wold Power
5,-1597,,,,,Aaron,-1474,7,20,,120,https://www.jw.org/finder?srcid=jwlshare&wtlocale=E&prefer=lang&docid=1200000005&par=3,Person
6,-1593,,,,,Moses,-1473,,,,,https://www.jw.org/finder?srcid=jwlshare&wtlocale=E&prefer=lang&docid=1200003118&par=3,Person
5,-1553,,,,,Moses kills Egyptian and flees to Midian,,,,,,https://www.jw.org/finder?srcid=jwlshare&wtlocale=E&prefer=lang&docid=1200003118&par=5,Historical
3,-1543,,,,,Caleb,,,,,,https://www.jw.org/finder?srcid=jwlshare&wtlocale=E&prefer=lang&docid=1200000863&par=4,Person
4,-1514,,,,,Moses at burning bush,,,,,,https://www.jw.org/finder?wtlocale=E&docid=1102007052&srctype=wol&srcid=share&par=26,Historical
6,-1513,3,29,,,Exodus from Egypt,,,,,,https://www.jw.org/finder?srcid=jwlshare&wtlocale=E&prefer=lang&docid=1101990130&par=13,Historical
3,-1513,6,,,,"Weekly Sabbath instituted (Ex. 16:1, 22, 23, 28, 29)",,,,,,https://www.jw.org/finder?srcid=jwlshare&wtlocale=E&prefer=lang&docid=1200003778&par=3,Historical
4,-1513,,,,,Genesis written,,,,,,https://www.jw.org/finder?srcid=jwlshare&wtlocale=E&prefer=lang&docid=1001070071,Bible Book
3,-1513,5,16,,,Arrival in the wilderness of Sinai (Ex. 19:1),,,,,,https://www.jw.org/finder?srcid=jwlshare&wtlocale=E&prefer=lang&bible=02019001&pub=nwtsty,Historical
3,-1513,5,21,,,Law covenant in the third month after Exodus from Egypt (Ex 19:1),,,,,,https://www.jw.org/finder?srcid=jwlshare&wtlocale=E&prefer=lang&docid=1200001054&par=23,Historical
4,-1513,,,,,In the wilderness for 40 years,-1473,,,,,https://www.jw.org/finder?wtlocale=E&docid=1975530&srctype=wol&srcid=share&par=8,Period
4,-1512,,,,,Exodus written,,,,,,https://www.jw.org/finder?srcid=jwlshare&wtlocale=E&prefer=lang&docid=1001070071,Bible Book
4,-1512,,,,,Leviticus written,,,,,,https://www.jw.org/finder?srcid=jwlshare&wtlocale=E&prefer=lang&docid=1001070071,Bible Book
2,-1512,3,16,,,Sanctification ceremony. Installation of the priests,-1512,3,22,,,https://www.jw.org/finder?srcid=jwlshare&wtlocale=E&prefer=lang&docid=1200002023&par=10,Historical
4,-1512,3,23,,,Initial atonement service,,,,,,https://www.jw.org/finder?srcid=jwlshare&wtlocale=E&prefer=lang&docid=1200002023&par=10,Historical
4,-1512,3,29,,,Tabernacle completed,,,,,,https://www.jw.org/finder?srcid=jwlshare&wtlocale=E&prefer=lang&docid=1200004295&par=4,Historical
4,-1512,4,16,,,"Moses registers the tribes and families (Num 1:1,2)",,,,,,https://www.jw.org/finder?srcid=jwlshare&wtlocale=E&prefer=lang&bible=04001001&pub=nwtsty,Historical
4,-1512,5,5,,,The cloud lifts from over the tabernacle for the first time as guide for the Israelites (Num 10:11),,,,,,https://www.jw.org/finder?srcid=jwlshare&wtlocale=E&prefer=lang&bible=04010011&pub=nwtsty,Historical
2,-1512,7,1,,360,12 spies in Canaan,-1512,8,10,,360,https://www.jw.org/finder?wtlocale=E&docid=1101978094&srctype=wol&srcid=share&par=4,Historical
4,-1512,9,25,,,First Day of Atonement (Lev 23:27),,,,,,https://www.jw.org/finder?srcid=jwlshare&wtlocale=E&prefer=lang&bible=03023027&pub=nwtsty,Historical
4,-1473,,,,,Joshua appointed as leader,,,,,,https://www.jw.org/finder?srcid=jwlshare&wtlocale=E&prefer=lang&docid=1200003118&par=31,Historical
4,-1473,,,,,Moses dies,,,,,,https://www.jw.org/finder?srcid=jwlshare&wtlocale=E&prefer=lang&docid=1200003118&par=31,Historical
4,-1473,,,,,Numbers written,,,,,,https://www.jw.org/finder?srcid=jwlshare&wtlocale=E&prefer=lang&docid=1001070071,Bible Book
4,-1473,,,,,Deuteronomy written,,,,,,https://www.jw.org/finder?srcid=jwlshare&wtlocale=E&prefer=lang&docid=1001070071,Bible Book
4,-1473,,,,,Job written,,,,,,https://www.jw.org/finder?srcid=jwlshare&wtlocale=E&prefer=lang&docid=1001070071,Bible Book
3,-1473,3,21,,24,2 spies arrive at Rahabs house in Jericho,,,,,,https://www.jw.org/finder?wtlocale=E&docid=1102013525&srctype=wol&srcid=share&par=7,Historical
4,-1473,3,25,,,Entry into Promised Land,,,,,,https://www.jw.org/finder?srcid=jwlshare&wtlocale=E&prefer=lang&docid=1200002227&par=19,Historical
4,-1473,3,27,,48,Circumcision of all male Israelites,,,,,,https://www.jw.org/finder?srcid=jwlshare&wtlocale=E&prefer=lang&bible=06005002&pub=nwtsty,Historical
4,-1473,3,29,,,Israelites celebrate the Passover in the desert plains of Jericho,,,,,,https://www.jw.org/finder?srcid=jwlshare&wtlocale=E&prefer=lang&bible=06005010&pub=nwtsty,Historical
4,-1473,3,30,,,The Israelites eat from the harvest of the Promised Land for the first time. Manna stops.,,,,,,https://www.jw.org/finder?srcid=jwlshare&wtlocale=E&prefer=lang&bible=06005011&pub=nwtsty,Historical
4,-1473,4,15,,168,Victory over Jericho,,,,,,https://www.jw.org/finder?srcid=jwlshare&wtlocale=E&prefer=lang&bible=06006015&pub=nwtsty,Historical
4,-1467,,,,,Major conquest of the Promised Land completed. End of the ‘about 450 years’ of Acts 13:17-20.,,,,,,https://www.jw.org/finder?wtlocale=E&docid=1200001458&srctype=wol&srcid=share&par=11,Historical
4,-1450,,,,,Joshua written,,,,,,https://www.jw.org/finder?srcid=jwlshare&wtlocale=E&prefer=lang&docid=1001070071,Bible Book
5,-1560,,,,,Joshua,-1450,,,,,https://www.jw.org/finder?wtlocale=E&docid=1101990067&srctype=wol&srcid=share&par=10,Person
4,-1450,,,,17280,Israelites subject to 8 years of service to Mesopotamia,-1442,,,,17280,https://www.jw.org/finder?wtlocale=E&docid=1200002546&srctype=wol&srcid=share&par=15,Period
5,-1442,,,,17280,Othniel judge (for 40 years),-1402,,,,17280,https://www.jw.org/finder?srcid=jwlshare&wtlocale=E&prefer=lang&docid=1200003349,Judge
4,-1424,9,,,,First Jubilee,,,,,,https://www.jw.org/finder?srcid=jwlshare&wtlocale=E&prefer=lang&docid=1200002536&par=11,Historical
4,-1412,,,,17280,Israelites subject to 18 years of service to Moab (Eglon),-1394,,,,17280,https://www.jw.org/finder?srcid=jwlshare&wtlocale=E&prefer=lang&docid=1200003097&par=10,Period
5,-1394,,,,17280,Ehud judge (for 80 years),-1314,,,,17280,https://www.jw.org/finder?srcid=jwlshare&wtlocale=E&prefer=lang&docid=1200001268&par=4,Judge
4,-1328,,,,17280,Israelites subject to 20 years of service to Canaanites (Jabin/Sisera),-1308,,,,17280,https://www.jw.org/finder?srcid=jwlshare&wtlocale=E&prefer=lang&docid=1200000874&par=31,Period
4,-1308,,,,17280,Deborah prophetess,,,,,,https://www.jw.org/finder?srcid=jwlshare&wtlocale=E&prefer=lang&docid=1200001138&par=4,Prophet
4,-1308,,,,17280,Barak judge (for 40 years),-1268,,,,17280,https://www.jw.org/finder?srcid=jwlshare&wtlocale=E&prefer=lang&docid=1200002559&par=3,Judge
4,-1273,,,,17280,Israelites subject to 7 years of service to Midian,-1266,,,,17280,https://www.jw.org/finder?srcid=jwlshare&wtlocale=E&prefer=lang&bible=07006001&pub=nwtsty,Period
5,-1266,,,,17280,Gideon and his 300 men,,,,,,https://www.jw.org/finder?srcid=jwlshare&wtlocale=E&prefer=lang&bible=07007007&pub=nwtsty,Historical
5,-1266,,,,17280,Gideon judge (for 40 years),-1226,,,,17280,https://www.jw.org/finder?srcid=jwlshare&wtlocale=E&prefer=lang&docid=1200002559&par=3,Judge
4,-1226,,,,17280,Tola judge (for 23 years),-1203,,,,17280,https://www.jw.org/finder?srcid=jwlshare&wtlocale=E&prefer=lang&docid=1200002559&par=3,Judge
4,-1203,,,,17280,Jair judge (for 22 years),-1181,,,,17280,https://www.jw.org/finder?srcid=jwlshare&wtlocale=E&prefer=lang&docid=1200002559&par=3,Judge
5,-1274,,,,172800,Eli,-1177,,,,172800,https://www.jw.org/finder?srcid=jwlshare&wtlocale=E&prefer=lang&docid=1200001290&par=3,Priest
4,-1191,,,,17280,Israelites subject to 18 years of service to Philistines/Ammonites,-1173,,,,17280,https://www.jw.org/finder?srcid=jwlshare&wtlocale=E&prefer=lang&bible=07010008&pub=nwtsty,Period
4,-1173,,,,,Jephthah becomes judge,,,,,,https://www.jw.org/finder?srcid=jwlshare&wtlocale=E&prefer=lang&docid=1200002413&par=3,Person
5,-1173,,,,,Jephthah’s 6-year judgeship,-1167,,,,,https://www.jw.org/finder?srcid=jwlshare&wtlocale=E&prefer=lang&docid=1200002559&par=3,Judge
5,-1177,,,,172800,Samuel,-1097,,,,172800,https://www.jw.org/finder?srcid=jwlshare&wtlocale=E&prefer=lang&docid=1200003824,Prophet
4,-1167,,,,17280,Ibzan judge (for 7 years),-1160,,,,17280,https://www.jw.org/finder?srcid=jwlshare&wtlocale=E&prefer=lang&docid=1200002559&par=3,Judge
4,-1160,,,,17280,Elon judge (for 10 years),-1150,,,,17280,https://www.jw.org/finder?srcid=jwlshare&wtlocale=E&prefer=lang&docid=1200002559&par=3,Judge
4,-1150,,,,17280,Abdon judge (for 8 years),-1142,,,,17280,https://www.jw.org/finder?srcid=jwlshare&wtlocale=E&prefer=lang&docid=1200002559&par=3,Judge
4,-1172,,,,17280,Israelites subject to 40 years of service to Philistines,-1132,,,,17280,https://www.jw.org/finder?srcid=jwlshare&wtlocale=E&prefer=lang&bible=07013001&pub=nwtsty,Period
5,-1142,,,,17280,Samson judge (for 20 years),-1122,,,,17280,https://www.jw.org/finder?srcid=jwlshare&wtlocale=E&prefer=lang&docid=1200003823,Judge
4,-1137,,,,,Jonathan,-1077,,,,,https://www.jw.org/finder?srcid=jwlshare&wtlocale=E&prefer=lang&docid=1200002506&par=8,Person
5,-1117,,,,,Nation Israel has its first king (Saul),,,,,,https://www.jw.org/finder?wtlocale=E&docid=1101990070&srctype=wol&srcid=share&par=6,Historical
5,-1117,,,,,Saul king,-1077,,,,,https://www.jw.org/finder?srcid=jwlshare&wtlocale=E&prefer=lang&docid=1200000970&par=216,King
4,-1117,,,,4320,"Saul defeats the Ammonites with an army of 330,000 men",,,,,,https://www.jw.org/finder?wtlocale=E&docid=1200013759&srctype=wol&srcid=share&par=9,Historical
3,-1115,,,,4320,Saul preemptuously brings burnt offering because Samuel was later than expected (1 Sam 13:13),,,,,,https://www.jw.org/finder?srcid=jwlshare&wtlocale=E&prefer=lang&docid=2017521&par=33,Historical
6,-1107,,,,,David,-1037,,,,,https://www.jw.org/finder?wtlocale=E&docid=1101981006&srctype=wol&srcid=share&par=61,Person
4,-1100,,,,,Judges written,,,,,,https://www.jw.org/finder?srcid=jwlshare&wtlocale=E&prefer=lang&docid=1001070071,Bible Book
4,-1090,,,,,Ruth written,,,,,,https://www.jw.org/finder?srcid=jwlshare&wtlocale=E&prefer=lang&docid=1001070071,Bible Book
4,-1078,,,,,1 Samuel written,,,,,,https://www.jw.org/finder?srcid=jwlshare&wtlocale=E&prefer=lang&docid=1001070071,Bible Book
5,-1077,,,,,"David becomes king (first of Judah, after over all Israel)",-1037,,,,,https://www.jw.org/finder?srcid=jwlshare&wtlocale=E&prefer=lang&docid=1200000970&par=219,King
3,-1077,,,,,Ish-bosheth becomes king of Israel,,,,,,https://www.jw.org/finder?wtlocale=E&docid=1200002211&srctype=wol&srcid=share&par=5,King
3,-1075,,,,,Ish-bosheth assassinated,,,,,,https://www.jw.org/finder?wtlocale=E&docid=1200002211&srctype=wol&srcid=share&par=5,Person
3,-1070,,,,,David becomes king over all Israel. Jerusalem capital,,,,,,https://www.jw.org/finder?srcid=jwlshare&wtlocale=E&prefer=lang&docid=1200001130&par=23,Historical
4,-1056,,,,43200,David commits adultery with Bath-sheba ,,,,,,https://www.jw.org/finder?wtlocale=E&docid=2000803&srctype=wol&srcid=share&par=19,Historical
1,-1054,,,,140160,"King David learns that the seed will be a descendant from him and will reign as King for ever (2 Samuel 7:13-16 and Psalms 89:35, 36)",,,,,,https://www.jw.org/finder?srcid=jwlshare&wtlocale=E&prefer=lang&docid=1997403&par=56,Sacred secret
4,-1040,,,,,2 Samuel written,,,,,,https://www.jw.org/finder?srcid=jwlshare&wtlocale=E&prefer=lang&docid=1001070071,Bible Book
5,-1037,,,,,Salomon king,-998,,,,,https://www.jw.org/finder?wtlocale=E&docid=1200000970&srctype=wol&srcid=share&par=206,King
4,-1034,,,,,Construction of temple,-1027,,,,,https://www.jw.org/finder?wtlocale=E&docid=1200000970&srctype=wol&srcid=share&par=127,Period
4,-1026,,,,,Inauguration of temple,,,,,,https://www.jw.org/finder?wtlocale=E&docid=1200004178&srctype=wol&srcid=share&par=15,Historical
4,-1020,,,,,Song of Solomon written,,,,,,https://www.jw.org/finder?srcid=jwlshare&wtlocale=E&prefer=lang&docid=1001070071,Bible Book
4,-1000,,,,,Ecclesiastes written,,,,,,https://www.jw.org/finder?srcid=jwlshare&wtlocale=E&prefer=lang&docid=1001070071,Bible Book
4,-998,,,,,Solomon dies,,,,,,https://www.jw.org/finder?wtlocale=E&docid=101989126&srctype=wol&srcid=share&par=19,Person
4,-997,,,,,Rehoboam becomes king,-980,,,,,https://www.jw.org/finder?srcid=jwlshare&wtlocale=E&prefer=lang&docid=1200003680&par=3,King Juda
4,-997,,,,,Jeroboam becomes king of Israel,-977,,,,,https://www.jw.org/finder?srcid=jwlshare&wtlocale=E&prefer=lang&docid=1200002431&par=12,King Israel
5,-997,,,,,"Israel divided into two kingdoms, Israel and Judah",,,,,,https://www.jw.org/finder?srcid=jwlshare&wtlocale=E&prefer=lang&docid=1200000970&par=129,Historical
3,-993,,,,,Pharaoh Shishak invades Judah and takes treasures from temple,,,,,,https://www.jw.org/finder?wtlocale=E&docid=1200004359&srctype=wol&srcid=share&par=13,Historical
4,-980,,,,,Abijah becomes king of Judah,-978,,,,,https://www.jw.org/finder?wtlocale=E&docid=1200000970&srctype=wol&srcid=share&par=298,King Juda
4,-978,,,,,Asa becomes king of Judah,-937,,,,,https://www.jw.org/finder?wtlocale=E&docid=1200000970&srctype=wol&srcid=share&par=301,King Juda
3,-978,,,,,Peace during the reign of Asa,-968,,,,,https://www.jw.org/finder?wtlocale=E&pub=nwtsty&srctype=wol&bible=14014001&srcid=share,Historical
4,-976,,,,,Nadab becomes king of Israel,-975,,,,,https://www.jw.org/finder?srcid=jwlshare&wtlocale=E&prefer=lang&docid=1200000970&par=305,King Israel
4,-975,,,,,Baasha becomes king of Israel,-952,,,,,https://www.jw.org/finder?srcid=jwlshare&wtlocale=E&prefer=lang&docid=1200000970&par=307,King Israel
4,-967,,,,,Asa defeats 1 million Ethiopians,,,,,,https://www.jw.org/finder?wtlocale=E&docid=1200001265&srctype=wol&srcid=share&par=67,Historical
3,-963,,,,,"Asa removes idols, restores Jehovah’s altar, and unites the nation (2 Kron 15:10)",,,,,,https://www.jw.org/finder?srcid=jwlshare&wtlocale=E&prefer=lang&docid=1200000397&par=7,Historical
4,-952,,,,,Elah becomes king of Israel,-951,,,,,https://www.jw.org/finder?srcid=jwlshare&wtlocale=E&prefer=lang&docid=1200000970&par=312,King Israel
4,-951,7,1,,,Zimri becomes king of Israel (for 7 days. Unknown which 7 days exactly),-951,7,7,,,https://www.jw.org/finder?srcid=jwlshare&wtlocale=E&prefer=lang&docid=1200000970&par=314,King Israel
4,-951,7,8,,,Omri becomes king of Israel,-940,,,,,https://www.jw.org/finder?srcid=jwlshare&wtlocale=E&prefer=lang&docid=1200000970&par=316,King Israel
4,-951,,,,,Tibni becomes king of Israel,-947,,,,,https://www.jw.org/finder?wtlocale=E&docid=1200010959&srctype=wol&srcid=share&par=212,King Israel
4,-962,,,,,Asa calls Syria for help (as opposed to asking Jehovah) against Baasha of Israel.,,,,,,https://www.jw.org/finder?wtlocale=E&docid=1200000636&srctype=wol&srcid=share&par=4,Historical
4,-940,,,,,Ahab becomes king of Israel,-920,,,,,https://www.jw.org/finder?srcid=jwlshare&wtlocale=E&prefer=lang&docid=1200000138&par=3,King Israel
4,-939,,,,,Asa gets an ailment in his feet,,,,,,https://www.jw.org/finder?wtlocale=E&pub=nwtsty&srctype=wol&bible=14016012&srcid=share,Historical
4,-939,,,,8640,Elijah,-905,,,,,https://www.jw.org/finder?srcid=jwlshare&wtlocale=E&prefer=lang&docid=1200001307&par=3,Prophet
4,-937,,,,,Jehoshaphat becomes king of Judah,-913,,,,,https://www.jw.org/finder?srcid=jwlshare&wtlocale=E&prefer=lang&docid=1200002383&par=6,King Juda
4,-933,,,,,Jehoshaphat sends his princes to teach in the cities of Judah,,,,,,https://www.jw.org/finder?srcid=jwlshare&wtlocale=E&prefer=lang&bible=14017007&pub=nwtsty,Historical
4,-920,,,,,Jehoshaphat fights together with Ahab against Ramoth-Gilead,,,,,,https://www.jw.org/finder?srcid=jwlshare&wtlocale=E&prefer=lang&bible=14018034&pub=nwtsty,Historical
4,-920,,,,,Ahab dies,,,,,,https://www.jw.org/finder?srcid=jwlshare&wtlocale=E&prefer=lang&docid=1200000138&par=3,Person
4,-919,,,,,Ahaziah becomes king of Israel,-917,,,,,https://www.jw.org/finder?wtlocale=E&docid=1200000145&srctype=wol&srcid=share&par=4,King Israel
4,-913,,,,,Jehoram becomes king of Judah,-906,,,,,https://www.jw.org/finder?srcid=jwlshare&wtlocale=E&prefer=lang&docid=1200002510&par=12,King Juda
4,-906,,,,,Ahaziah becomes king of Judah,-905,,,,,https://www.jw.org/finder?wtlocale=E&docid=1200000145&srctype=wol&srcid=share&par=7,King Juda
4,-905,,,,,Athaliah becomes queen of Judah,-898,,,,,https://www.jw.org/finder?wtlocale=E&docid=1200000457&srctype=wol&srcid=share&par=4,King Juda
4,-917,,,,,Jehoram becomes king of Israel,-905,,,,,https://www.jw.org/finder?srcid=jwlshare&wtlocale=E&prefer=lang&docid=1200002510&par=7,King Israel
4,-916,,,,8640,Elisha,-855,,,,43200,https://www.jw.org/finder?srcid=jwlshare&wtlocale=E&prefer=lang&docid=1200001316&par=7,Prophet
4,-905,7,,,4320,"Jehu executes King Jehoram of Israel and his brothers, Jehoram’s mother (Jezebel), and King Ahaziah of Judah and his brothers",,,,,,https://www.jw.org/finder?srcid=jwlshare&wtlocale=E&prefer=lang&docid=202022425&par=12,Historical
4,-905,8,,,4320,Athaliah murders all the royal offspring and usurps the throne. Only her grandson Jehoash is saved and kept hidden from her by High Priest Jehoiada.,,,,,,https://www.jw.org/finder?srcid=jwlshare&wtlocale=E&prefer=lang&docid=202022425&par=7,Historical
4,-904,,,,,Jehu becomes king of Israel,-876,,,,,https://www.jw.org/finder?srcid=jwlshare&wtlocale=E&prefer=lang&docid=1200002401&par=5,King Israel
4,-898,,,,,Jehoash becomes king of Judah,-858,,,,,https://www.jw.org/finder?srcid=jwlshare&wtlocale=E&prefer=lang&docid=1200002474&par=10,King Juda
4,-898,,,,,Queen Athaliah is executed by High Priest Jehoiada,,,,,,https://www.jw.org/finder?srcid=jwlshare&wtlocale=E&prefer=lang&docid=202022425&par=8,Historical
4,-884,,,,,"Married by the time he was 21, he had two wives, one of whom was named Jehoaddan, and by these Jehoash became father to sons and daughters. In this way the line of David leading to the Messiah, which had come so near to being completely severed, was once again made strong.",,,,,,https://www.jw.org/finder?wtlocale=E&docid=1200002474&srctype=wol&srcid=share&par=13,Historical
4,-877,,,,,Jehu dies,,,,,,https://www.jw.org/finder?wtlocale=E&docid=1200002401&srctype=wol&srcid=share&par=5,Person
4,-876,,,,,King Je·hoʹash called Je·hoiʹa·da the priest and the other priests and said to them: Why are you not repairing the damage to the house?’,,,,,,https://www.jw.org/finder?srcid=jwlshare&wtlocale=E&prefer=lang&bible=12012006&pub=nwtsty,Historical
4,-876,,,,,Jehoahaz becomes king of Israel,-859,,,,,https://www.jw.org/finder?srcid=jwlshare&wtlocale=E&prefer=lang&docid=1200002372&par=5,King Israel
4,-862,,,,,Jehoash becomes king of Israel,-844,,,,,https://www.jw.org/finder?srcid=jwlshare&wtlocale=E&prefer=lang&docid=1001070206,King Israel
4,-859,,,,,Jehoash (son of Ahaziah) assassinated ,,,,,,https://www.jw.org/finder?srcid=jwlshare&wtlocale=E&prefer=lang&docid=1200002474&par=16,Person
4,-858,,,,,Amaziah becomes king of Judah,-829,,,,,https://www.jw.org/finder?srcid=jwlshare&wtlocale=E&prefer=lang&docid=1200000224&par=4,King Juda
4,-844,,,,,Jeroboam II becomes king of Israel,-803,,,,,https://www.jw.org/finder?srcid=jwlshare&wtlocale=E&prefer=lang&docid=1200002431&par=13,King Israel
5,-850,,,,43200,Jonah,-840,,,,43200,https://www.jw.org/finder?srcid=jwlshare&wtlocale=E&prefer=lang&docid=1200002431&par=13,Prophet
4,-844,,,,,Jonah written,,,,,,https://www.jw.org/finder?srcid=jwlshare&wtlocale=E&prefer=lang&docid=1001070071,Bible Book
4,-829,,,,,Uzziah (Azariah) becomes king of Judah,-777,,,,,https://www.jw.org/finder?srcid=jwlshare&wtlocale=E&prefer=lang&docid=1200004535&par=6,King Juda
4,-820,,,,,Joel written,,,,,,https://www.jw.org/finder?srcid=jwlshare&wtlocale=E&prefer=lang&docid=1001070071,Bible Book
5,-835,,,,86400,Joel,-820,,,,86400,https://www.jw.org/finder?srcid=jwlshare&wtlocale=E&prefer=lang&docid=1001070206,Prophet
5,-822,,,,43200,Amos,-815,,,,43200,https://www.jw.org/finder?srcid=jwlshare&wtlocale=E&prefer=lang&docid=1001070206,Prophet
4,-804,,,,,Amos written,,,,,,https://www.jw.org/finder?srcid=jwlshare&wtlocale=E&prefer=lang&docid=1001070071,Bible Book
4,-804,,,,,Hosea begins prophesying,,,,,,https://www.jw.org/finder?srcid=jwlshare&wtlocale=E&prefer=lang&docid=1200002087&par=3,Prophet
5,-810,,,,172800,Hosea,-750,,,,172800,https://www.jw.org/finder?srcid=jwlshare&wtlocale=E&prefer=lang&docid=1200002090&par=9,Prophet
4,-803,,,,,Jeroboam II dies,,,,,,https://www.jw.org/finder?srcid=jwlshare&wtlocale=E&prefer=lang&docid=1200004681&par=17,Person
4,-792,6,,,4320,Zechariah becomes king of Israel,-791,1,1,,4320,https://www.jw.org/finder?srcid=jwlshare&wtlocale=E&prefer=lang&docid=1200004681&par=17,King Israel
4,-791,6,,,4320,Shallum becomes king of Israel (for 1 month. Unknown which month exactly),-791,7,,,4320,https://www.jw.org/finder?srcid=jwlshare&wtlocale=E&prefer=lang&docid=1200003933&par=7,King Israel
4,-791,6,,,4320,Menahem becomes king of Israel,-781,6,,,4320,https://www.jw.org/finder?srcid=jwlshare&wtlocale=E&prefer=lang&docid=1200002978&par=3,King Israel
4,-780,,,,,Pekahiah becomes king of Israel,-778,,,,,https://www.jw.org/finder?srcid=jwlshare&wtlocale=E&prefer=lang&docid=1200003416&par=3,King Israel
4,-778,,,,,Pekah becomes king of Israel,-758,,,,,https://www.jw.org/finder?srcid=jwlshare&wtlocale=E&prefer=lang&docid=1200003415&par=3,King Israel
4,-778,,,,,Isaiah begins prophesying,-732,,,,,https://www.jw.org/finder?srcid=jwlshare&wtlocale=E&prefer=lang&docid=1200002438&par=11,Prophet
5,-778,,,,172800,Isaiah,-725,,,,172800,https://www.jw.org/finder?srcid=jwlshare&wtlocale=E&prefer=lang&docid=1001070215,Prophet
4,-778,,,,,king Uzziah dies,,,,,,https://www.jw.org/finder?srcid=jwlshare&wtlocale=E&prefer=lang&docid=1200004535&par=6,King
4,-777,,,,,Jotham becomes king of Judah,-762,,,,,https://www.jw.org/finder?srcid=jwlshare&wtlocale=E&prefer=lang&docid=1200002529&par=5,King Juda
4,-777,,,,,Micah begins prophesying,,,,,,https://www.jw.org/finder?srcid=jwlshare&wtlocale=E&prefer=lang&docid=1200003032&par=12,Prophet
5,-777,,,,172800,Micah,-717,,,,172800,https://www.jw.org/finder?srcid=jwlshare&wtlocale=E&prefer=lang&docid=1200003032&par=12,Prophet
4,-762,,,,,Ahaz becomes king of Judah,-746,,,,,https://www.jw.org/finder?srcid=jwlshare&wtlocale=E&prefer=lang&docid=1200000970&par=393,King Juda
4,-759,,,,,Tiglath-pileser of Assyria exiles portions of Israel,,,,,,https://www.jw.org/finder?wtlocale=E&docid=1200001457&srctype=wol&srcid=share&par=4,Historical
4,-758,,,,,Hoshea becomes king of Israel,-748,,,,,https://www.jw.org/finder?srcid=jwlshare&wtlocale=E&prefer=lang&docid=1200000970&par=400,King Israel
4,-753,,,,,Rome founded (tradition),,,,,,https://www.jw.org/finder?wtlocale=E&docid=1200003763&srctype=wol&srcid=share&par=3,Historical
4,-746,,,,,Ahaz dies,,,,,,https://www.jw.org/finder?wtlocale=E&docid=1102000035&srctype=wol&srcid=share&par=9,Person
4,-746,,,,,Hezekiah becomes king of Judah,-716,,,,,https://www.jw.org/finder?srcid=jwlshare&wtlocale=E&prefer=lang&docid=1200000970&par=401,King Juda
4,-746,,,,,Hezekiah opened the doors of the temple and repaired them,,,,,,https://www.jw.org/finder?srcid=jwlshare&wtlocale=E&prefer=lang&bible=14029003&pub=nwtsty,Historical
4,-745,,,,,Hosea written,,,,,,https://www.jw.org/finder?srcid=jwlshare&wtlocale=E&prefer=lang&docid=1001070071,Bible Book
4,-742,,,,,Samaria besieged,,,,,,https://www.jw.org/finder?wtlocale=E&docid=1200002011&srctype=wol&srcid=share&par=12,Historical
5,-740,8,,,,Assyria subjugates Israel,,,,,,https://www.jw.org/finder?wtlocale=E&docid=1200002011&srctype=wol&srcid=share&par=12,Historical
6,-740,8,,,,Assyria world power,-632,,,,,https://www.jw.org/finder?srcid=jwlshare&wtlocale=E&prefer=lang&docid=102010450&par=9,Wold Power
4,-732,,,,,"Sennacherib attacks Judah, but 185,000 soldiers are killed in 1 night",,,,,,https://www.jw.org/finder?srcid=jwlshare&wtlocale=E&prefer=lang&docid=2007042&par=7,Historical
4,-732,,,,,Isaiah written,,,,,,https://www.jw.org/finder?srcid=jwlshare&wtlocale=E&prefer=lang&docid=1001070071,Bible Book
4,-732,,,,,Isaiah stops prophesying,,,,,,https://www.jw.org/finder?srcid=jwlshare&wtlocale=E&prefer=lang&docid=1200002438&par=11,Prophet
4,-717,,,,,Proverbs compiled,,,,,,https://www.jw.org/finder?srcid=jwlshare&wtlocale=E&prefer=lang&docid=1001070071,Bible Book
4,-717,,,,,Micah written,,,,,,https://www.jw.org/finder?srcid=jwlshare&wtlocale=E&prefer=lang&docid=1001070071,Bible Book
4,-716,,,,,Manasseh becomes king of Judah,-661,,,,,https://www.jw.org/finder?srcid=jwlshare&wtlocale=E&prefer=lang&docid=1200002882&par=21,King Juda
4,-661,,,,,Amon becomes king of Judah,-659,,,,,https://www.jw.org/finder?srcid=jwlshare&wtlocale=E&prefer=lang&docid=1200000244&par=5,King Juda
4,-659,,,,,Josiah becomes king of Judah,-628,1,30,,,https://www.jw.org/finder?srcid=jwlshare&wtlocale=E&prefer=lang&docid=1200002525&par=10,King Juda
4,-652,,,,,Josiah started to ‘search’ for Jehovah,,,,,,https://www.jw.org/finder?srcid=jwlshare&wtlocale=E&prefer=lang&bible=14034003&pub=nwtsty,Historical
4,-648,,,,,"Josiah started to cleanse Judah and Jerusalem of the high places and the sacred poles, the graven images, and the metal statues",,,,,,https://www.jw.org/finder?srcid=jwlshare&wtlocale=E&prefer=lang&bible=14034003&pub=nwtsty,Historical
4,-648,,,,,Zephaniah written,,,,,,https://www.jw.org/finder?srcid=jwlshare&wtlocale=E&prefer=lang&docid=1001070071,Bible Book
5,-665,,,,43200,Zephaniah,-655,,,,43200,https://www.jw.org/finder?srcid=jwlshare&wtlocale=E&prefer=lang&docid=1200004696&par=4,Prophet
4,-647,,,,,Jeremiah commissioned as prophet,-580,,,,,https://www.jw.org/finder?wtlocale=E&docid=1102017171&srctype=wol&srcid=share&par=21,Historical
4,-645,,,,,Jeremiah,,,,,,https://www.jw.org/finder?wtlocale=E&docid=1200000447&srctype=wol&srcid=share&par=28,Prophet
4,-643,,,,,Nabopolassar becomes king of Babylon,,,,,,https://www.jw.org/finder?srcid=jwlshare&wtlocale=E&prefer=lang&docid=1200001469&par=3,Historical
3,-642,,,,,Ezekiel born ,,,,,,https://www.jw.org/finder?srcid=jwlshare&wtlocale=E&prefer=lang&docid=1200000369&par=17,Person
3,-641,3,29,,,Josiah commands to return the ark of the covenant to the temple,,,,,,https://www.jw.org/finder?wtlocale=E&docid=1200002525&srctype=wol&srcid=share&par=8,Historical
4,-632,,,,,Josiah celebrates the Passover (it has been a long time),,,,,,https://www.jw.org/finder?srcid=jwlshare&wtlocale=E&prefer=lang&docid=1001070071,Historical
5,-660,,,,86400,Nahum written,-640,,,,86400,https://www.jw.org/finder?srcid=jwlshare&wtlocale=E&prefer=lang&docid=1001070215,Bible Book
3,-632,,,,,Nahum,,,,,,https://www.jw.org/finder?srcid=jwlshare&wtlocale=E&prefer=lang&docid=1200003261&par=12,Prophet
4,-608,,,,,Nineveh falls to Chaldeans and Medes,,,,,,https://www.jw.org/nl/bibliotheek/videos/#en/mediaitems/StudioMonthlyPrograms/pub-jwb-098_1_VIDEO,Historical
6,-607,,,,,Babylon world power,-539,,,,,https://www.jw.org/finder?srcid=jwlshare&wtlocale=E&prefer=lang&docid=1001070229,Wold Power
4,-629,,,,,Josiah dies,,,,,,https://www.jw.org/finder?wtlocale=E&docid=1200002525&srctype=wol&srcid=share&par=10,Person
4,-629,,,,,Pharaoh Necho takes Carchemish,,,,,,https://www.jw.org/finder?wtlocale=E&docid=1200001446&srctype=wol&srcid=share&par=7,Historical
4,-628,,,,,Habakkuk written,,,,,,https://www.jw.org/finder?srcid=jwlshare&wtlocale=E&prefer=lang&docid=1200001790&par=9,Bible Book
5,-630,,,,43200,Habakkuk,-610,,,,43200,https://www.jw.org/finder?srcid=jwlshare&wtlocale=E&prefer=lang&docid=1001070215,Prophet
5,-628,,,,43200,Obadiah,-605,,,,43200,https://www.jw.org/finder?srcid=jwlshare&wtlocale=E&prefer=lang&docid=1001070215,Prophet
4,-628,2,1,,,"Jehoahaz becomes king of Judah (3 months in the early part of the year 628 B.C.E., exact months unknown)",-628,4,30,,,https://www.jw.org/finder?srcid=jwlshare&wtlocale=E&prefer=lang&docid=1200002372&par=7,King Juda
4,-628,5,1,,,Jehoiakim becomes king of Judah,-618,,,,,https://www.jw.org/finder?srcid=jwlshare&wtlocale=E&prefer=lang&docid=1101999021&par=19,King Juda
4,-625,,,,,Jeremiah written,-580,,,,,https://www.jw.org/finder?srcid=jwlshare&wtlocale=E&prefer=lang&docid=1200002422&par=4,Bible Book
3,-625,,,,,Jeremiah rebukes Baruch ‘You are seeking great things for yourself’,,,,,,https://www.jw.org/finder?wtlocale=E&docid=1200000571&srctype=wol&srcid=share&par=1,Historical
3,-625,,,,,Nebuchadnezzar becomes king of Babylon,-582,,,,,https://www.jw.org/finder?srcid=jwlshare&wtlocale=E&prefer=lang&docid=1101999022&par=4,Historical
3,-625,,,,,Nebuchadnezzar defeats Pharaoh Necho,,,,,,https://www.jw.org/finder?srcid=jwlshare&wtlocale=E&prefer=lang&docid=1200003203&par=4,Historical
4,-624,,,,,Baruch reads scroll in temple courtyard,,,,,,https://www.jw.org/finder?wtlocale=E&docid=1200000571&srctype=wol&srcid=share&par=4,Historical
4,-620,,,,,Jehoiakim’s vassalage to Babylon,,,,,,https://www.jw.org/finder?srcid=jwlshare&wtlocale=E&prefer=lang&docid=1101999021&par=19,Historical
4,-618,,,,,"Nebuchadnezzar besieges Jerusalem a second time, to punish the rebellious Jehoiakim (Jehoiakim likely dies)",,,,,,https://www.jw.org/finder?srcid=jwlshare&wtlocale=E&prefer=lang&docid=1101999022&par=7,Historical
4,-618,,,,,Jehoiachin becomes king in Judah,-617,,,,,https://www.jw.org/finder?srcid=jwlshare&wtlocale=E&prefer=lang&docid=1101999022&par=8,King Juda
4,-617,,,,,Daniel and other ‘foremost men of the land’  are send as prisoners to Babylon,,,,,,https://www.jw.org/finder?srcid=jwlshare&wtlocale=E&prefer=lang&docid=1200001117&par=4,Historical
4,-617,,,,,Jehoiachin surrenders after having reigned 3 months and 10 days,,,,,,https://www.jw.org/finder?srcid=jwlshare&wtlocale=E&prefer=lang&docid=1101999022&par=8,Historical
4,-617,,,,,Zedekiah becomes king of Judah,-607,,,,,https://www.jw.org/finder?srcid=jwlshare&wtlocale=E&prefer=lang&docid=1102017923&par=34,King Juda
4,-614,,,,,Zedekiah and Seraiah to Babylon,,,,,,https://www.jw.org/finder?wtlocale=E&docid=1200003904&srctype=wol&srcid=share&par=7,Historical
4,-613,,,,,Ezekiel commissioned as prophet,-591,,,,,https://www.jw.org/finder?wtlocale=E&docid=1200001469&srctype=wol&srcid=share&par=10,Historical
3,-612,8,20,,,Ezekiel’s vision of false worship in temple,,,,,,https://www.jw.org/finder?srcid=jwlshare&wtlocale=E&prefer=lang&docid=2007482&par=8,Historical
3,-611,7,25,,,Ezekiel confirms Jerusalem to fall,,,,,,https://www.jw.org/finder?srcid=jwlshare&wtlocale=E&prefer=lang&docid=2007482&par=31,Historical
5,-610,,,,172800,Daniel ,-537,,,,43200,https://www.jw.org/finder?srcid=jwlshare&wtlocale=E&prefer=lang&docid=1200001117&par=13,Prophet
3,-610,12,27,,,Ezekiel prophesies against Egypt,,,,,,https://www.jw.org/finder?srcid=jwlshare&wtlocale=E&prefer=lang&bible=26029001&pub=nwtsty,Historical
4,-609,,,,,Nebuchadnezzar invades Judah for a 3rd time. Final siege of Jerusalem begins,,,,,,https://www.jw.org/finder?srcid=jwlshare&wtlocale=E&prefer=lang&docid=2007482&par=32,Historical
3,-609,12,25,,,Ezekiel record the day that Babylon attacks Jerusalem and relates a proverb concerning the cooking pot,,,,,,https://www.jw.org/finder?srcid=jwlshare&wtlocale=E&prefer=lang&bible=26024001&pub=nwtsty,Historical
3,-608,3,15,,,Ezekiel prophesies against Tyre,,,,,,https://www.jw.org/finder?srcid=jwlshare&wtlocale=E&prefer=lang&bible=26026001&pub=nwtsty,Historical
4,-608,,,,,Baruch took the deeds for the property of Anathoth and put them in a vessel,,,,,,https://www.jw.org/finder?wtlocale=E&docid=1200000571&srctype=wol&srcid=share&par=5,Historical
3,-607,3,22,,,Ezekiel prophesies that Babylon will fight Egypt and win,,,,,,https://www.jw.org/finder?srcid=jwlshare&wtlocale=E&prefer=lang&bible=26030020&pub=nwtsty,Historical
3,-607,5,15,,,"Ezekiel prophesies against Egypt, that it will be cut down as a tree",,,,,,https://www.jw.org/finder?srcid=jwlshare&wtlocale=E&prefer=lang&bible=26031001&pub=nwtsty,Historical
4,-607,,,,,Lamentations written,,,,,,https://www.jw.org/finder?srcid=jwlshare&wtlocale=E&prefer=lang&docid=1200002675&par=10,Bible Book
4,-607,,,,,Obadiah written,,,,,,https://www.jw.org/finder?srcid=jwlshare&wtlocale=E&prefer=lang&docid=1200003288&par=3,Bible Book
5,-607,10,1,,,Israelites’ exile in Babylon,-537,10,1,,,https://www.jw.org/finder?srcid=jwlshare&wtlocale=E&prefer=lang&docid=1200001457&par=5,Period
3,-607,8,1,,,The Babylonians enter Jerusalem,,,,,,https://www.jw.org/finder?srcid=jwlshare&wtlocale=E&prefer=lang&docid=2006044&par=20,Historical
,-607,10,1,,,"The desolation of Jerusalem is complete, Israelites’ exile in Babylon begins",,,,,,https://www.jw.org/finder?srcid=jwlshare&wtlocale=E&prefer=lang&docid=2006044&par=20,Historical
6,-607,10,1,,,Appointed times of the nations,1914,10,1,,,https://www.jw.org/finder?wtlocale=E&docid=2006521&srctype=wol&srcid=share&par=21,Period
3,-606,2,15,,,Ezekiel sings a dirge concerning Egypt,,,,,,https://www.jw.org/finder?srcid=jwlshare&wtlocale=E&prefer=lang&bible=26032001&pub=nwtsty,Prophet
4,-606,,,,,Nebuchadnezzar’s dream of image,,,,,,https://www.jw.org/finder?srcid=jwlshare&wtlocale=E&prefer=lang&docid=2007644&par=11,Historical
3,-606,12,5,,,Daniel is notified that the city has been struck down,,,,,,https://www.jw.org/finder?srcid=jwlshare&wtlocale=E&prefer=lang&bible=26033021&pub=nwtsty,Historical
3,-602,,,,,"Nebuchadnezzar exiles more Jews, conquers Moab and Ammon, and invades Egypt",,,,,,https://www.jw.org/finder?srcid=jwlshare&wtlocale=E&prefer=lang&docid=1200003200&par=9,Historical
3,-593,3,25,,,Ezekiel sees a visionary temple,,,,,,https://www.jw.org/finder?srcid=jwlshare&wtlocale=E&prefer=lang&bible=26040001&pub=nwtsty,Historical
3,-593,,,,,Jehovah instructs Ezekiel to divide the Promised Land again (Ez 45:1),,,,,,https://www.jw.org/finder?srcid=jwlshare&wtlocale=E&prefer=lang&docid=1102017180&par=5,Historical 
3,-591,3,15,,,Ezekiel prophesies that Babylon will receive Egypt as compensation,,,,,,https://www.jw.org/finder?srcid=jwlshare&wtlocale=E&prefer=lang&bible=26029017&pub=nwtsty,Historical
4,-591,,,,,Ezekiel written,,,,,,https://www.jw.org/finder?srcid=jwlshare&wtlocale=E&prefer=lang&docid=1001070071,Bible Book
4,-582,,,,,Nebuchadnezzar dies,,,,,,https://www.jw.org/finder?srcid=jwlshare&wtlocale=E&prefer=lang&docid=1101999026&par=4,Person
4,-580,,,,,1 Kings written,,,,,,https://www.jw.org/finder?srcid=jwlshare&wtlocale=E&prefer=lang&docid=1001070071,Bible Book
4,-580,,,,,2 Kings written,,,,,,https://www.jw.org/finder?srcid=jwlshare&wtlocale=E&prefer=lang&docid=1001070071,Bible Book
4,-580,,,,,Jeremiah written,,,,,,https://www.jw.org/finder?srcid=jwlshare&wtlocale=E&prefer=lang&docid=1001070071,Bible Book
4,-560,12,,,,Cyrus the Great becomes king of Persia,-530,,,,,https://www.jw.org/finder?srcid=jwlshare&wtlocale=E&prefer=lang&docid=1200001102&par=6,Historical
6,-539,,,,,Medo-Persia world power,-331,,,,,https://www.jw.org/finder?srcid=jwlshare&wtlocale=E&prefer=lang&docid=1001070229,Wold Power
4,-539,10,5,,,Babylon falls on the night of 5 to 6 October,,,,,,https://www.jw.org/finder?srcid=jwlshare&wtlocale=E&prefer=lang&docid=1101999026&par=7,Historical
5,-537,,,,,"About 50,000 Jewish exiles return from Babylon under the leadership of Zerubbabel (or Sheshbazzar)",,,,,,https://www.jw.org/finder?wtlocale=E&docid=1200002227&srctype=wol&srcid=share&par=32,Historical
5,-537,10,,,,The Jews that returned to the Promised Land offered their first sacrifice,,,,,,https://www.jw.org/finder?wtlocale=E&docid=2006044&srctype=wol&srcid=share&par=20,Historical
4,-536,,,,,Daniël written,,,,,,https://www.jw.org/finder?srcid=jwlshare&wtlocale=E&prefer=lang&docid=1001070071,Bible Book
4,-536,,,,,Foundation of temple in Jerusalem laid by Zerubbabel,,,,,,https://www.jw.org/finder?wtlocale=E&docid=1102003108&srctype=wol&srcid=share&par=9,Historical
5,-356,,,,,Alexander the Great is born at Pella,,,,,,https://www.jw.org/finder?srcid=jwlshare&wtlocale=E&prefer=lang&docid=1200000192&par=3,Person
3,-530,,,,,"Persian king Cyrus dies, Cambyses alias Ahasuerus replaces him",,,,,,https://www.jw.org/finder?srcid=jwlshare&wtlocale=E&prefer=lang&docid=2006044&par=47,Historical
3,-530,,,,,Cambyses or Ahasuerus - king of Persia,-522,1,,,,https://www.jw.org/finder?srcid=jwlshare&wtlocale=E&prefer=lang&docid=2006044&par=47,Historical
3,-522,1,,,,Artaxerxes or Bardiya or Gaumata - king of Persia,-522,8,,,,https://www.jw.org/finder?srcid=jwlshare&wtlocale=E&prefer=lang&docid=2006044&par=30,Historical
4,-522,,,,,Ban on temple construction,,,,,,https://www.jw.org/finder?srcid=jwlshare&wtlocale=E&prefer=lang&docid=2006044&par=30,Historical
4,-522,8,,,,Darius I - king of Persia,-486,,,,,https://www.jw.org/finder?srcid=jwlshare&wtlocale=E&prefer=lang&docid=2006044&par=49,Historical
4,-520,,,,,Haggai written,,,,,,https://www.jw.org/finder?srcid=jwlshare&wtlocale=E&prefer=lang&docid=1001070071,Bible Book
3,-520,,,,,Ban on temple construction lifted,,,,,,,Historical
5,-523,,,,26000,Haggai,-510,,,,26000,https://www.jw.org/finder?srcid=jwlshare&wtlocale=E&prefer=lang&docid=1200001812&par=1,Prophet
4,-518,,,,,Zechariah written,,,,,,https://www.jw.org/finder?srcid=jwlshare&wtlocale=E&prefer=lang&docid=1001070071,Bible Book
5,-520,,,,26000,Zechariah,-508,,,,26000,https://www.jw.org/finder?srcid=jwlshare&wtlocale=E&prefer=lang&docid=1200004681&par=23,Prophet
4,-515,2,18,,,Rebuilding temple completed (Zerubbabel),,,,,,https://www.jw.org/finder?wtlocale=E&docid=1101972021&srctype=wol&srcid=share&par=26,Historical
4,-496,,,,,Xerxes I or Ahasuerus - king of Persia,-475,,,,,https://www.jw.org/finder?srcid=jwlshare&wtlocale=E&prefer=lang&docid=2006044&par=50,Historical
3,-493,,,,,Vashti refuses to appear at the banquet of Ahasuerus,,,,,,https://www.jw.org/finder?srcid=jwlshare&wtlocale=E&prefer=lang&docid=2006162&par=7,Historical
4,-489,12,,,,Esther becomes queen and wife of Ahasuerus,,,,,,https://www.jw.org/finder?srcid=jwlshare&wtlocale=E&prefer=lang&docid=1200000142&par=7,Historical
4,-484,4,11,,,Haman sends couriers with the plan to commit genocide to the Jews on Adar 13,,,,,,https://www.jw.org/finder?srcid=jwlshare&wtlocale=E&prefer=lang&docid=1200003588&par=3,Historical
4,-484,6,7,,,Mordecai sends couriers with an updated plan for Adar 13,,,,,,https://www.jw.org/finder?srcid=jwlshare&wtlocale=E&prefer=lang&bible=17008009&pub=nwtsty,Historical
3,-483,2,28,,,13 adar: the Jews exteminate their enemies,,,,,,https://www.jw.org/finder?srcid=jwlshare&wtlocale=E&prefer=lang&bible=17009001&pub=nwtsty,Historical
3,-483,2,29,,,14 adar: the Jews exterminate the remaining enemies,,,,,,https://www.jw.org/finder?srcid=jwlshare&wtlocale=E&prefer=lang&bible=17009015&pub=nwtsty,Historical
3,-483,2,30,,,15 adar: the Jews have peace and set the celebration of Poerim,,,,,,https://www.jw.org/finder?srcid=jwlshare&wtlocale=E&prefer=lang&bible=17009018&pub=nwtsty,Historical
5,-483,,,,129600,Ezra,-456,,,,25920,https://www.jw.org/finder?srcid=jwlshare&wtlocale=E&prefer=lang&docid=1102006141&par=5,Prophet
3,-480,,,,,"Xerxes I of Persia moves a force of 2,317,610 men against Greece",,,,,,https://www.jw.org/finder?srcid=jwlshare&wtlocale=E&prefer=lang&docid=1101999032&par=10,Historical
4,-475,,,,,Artaxerxes Longimanus - king of Persia,-424,,,,,https://www.jw.org/finder?srcid=jwlshare&wtlocale=E&prefer=lang&docid=2006044&par=51,Historical
4,-475,,,,,Esther written,,,,,,https://www.jw.org/finder?srcid=jwlshare&wtlocale=E&prefer=lang&docid=1001070071,Bible Book
5,-471,,,,69120,Nehemiah,-440,,,,43200,https://www.jw.org/finder?srcid=jwlshare&wtlocale=E&prefer=lang&docid=1102006141&par=5,Prophet
4,-468,3,27,,,Ezra travels from Babylon to Jerusalem with the Jewish remnant,,,,,,https://www.jw.org/finder?srcid=jwlshare&wtlocale=E&prefer=lang&docid=1200001475&par=6,Historical
3,-468,9,,,720,Ezra and the group of Jews arrive in Jerusalem ,,,,,,https://www.jw.org/finder?srcid=jwlshare&wtlocale=E&prefer=lang&bible=15007009&pub=nwtsty,Historical
3,-468,12,5,,,"The issue with the foreign women made public, but postponed. Reason: the men were ‘shivering because of the matter and because of the heavy rain’",,,,,,https://www.jw.org/finder?srcid=jwlshare&wtlocale=E&prefer=lang&bible=15010009&pub=nwtsty,Historical
3,-468,12,15,,,Official start of the investigation about the foreign women,,,,,,https://www.jw.org/finder?srcid=jwlshare&wtlocale=E&prefer=lang&bible=15010016&pub=nwtsty,Historical
3,-467,3,15,,,Matter about the foreign women settled,,,,,,https://www.jw.org/finder?srcid=jwlshare&wtlocale=E&prefer=lang&bible=15010017&pub=nwtsty,Historical
4,-460,,,,,1 Chronicles written,,,,,,https://www.jw.org/finder?srcid=jwlshare&wtlocale=E&prefer=lang&docid=1001070071,Bible Book
4,-460,,,,,2 Chronicles written,,,,,,https://www.jw.org/finder?srcid=jwlshare&wtlocale=E&prefer=lang&docid=1001070071,Bible Book
4,-460,,,,,Ezra written,,,,,,https://www.jw.org/finder?srcid=jwlshare&wtlocale=E&prefer=lang&docid=1001070071,Bible Book
4,-460,,,,,Psalms completed,,,,,,https://www.jw.org/finder?srcid=jwlshare&wtlocale=E&prefer=lang&docid=1001070071,Bible Book
4,-456,12,1,,360,"During the 20th year of King Artaxerxes, in the month Chislev (November-December), Nehemiah, while in Shushan the castle, received visitors, his brother Hanani and other men from Judah.",,,,,,https://www.jw.org/finder?srcid=jwlshare&wtlocale=E&prefer=lang&docid=1200003212&par=6,Historical
3,-455,4,1,,,"If it pleases the king..., send me to Judah’ (Nehemiah 2:5)",,,,,,https://www.jw.org/finder?srcid=jwlshare&wtlocale=E&prefer=lang&docid=1200003915&par=13,Person
4,-455,7,18,,,Issuing of the word to restore and rebuild Jerusalem,,,,,,https://www.jw.org/finder?wtlocale=E&docid=101971881&srctype=wol&srcid=share&par=15,Historical
2,-455,9,10,,,Jerusalem’s walls rebuilt in 52 days (by Nehemiah),-455,9,10,,,https://www.jw.org/finder?srcid=jwlshare&wtlocale=E&prefer=lang&bible=16006015&pub=nwtsty,Period
5,-455,7,18,,,7 weeks (Dan. 9:25),-406,7,18,,,https://www.jw.org/finder?srcid=jwlshare&wtlocale=E&prefer=lang&docid=1102015160&par=41,Period
5,-406,7,18,,,62 weeks (Dan. 9:25),29,7,18,,,https://www.jw.org/finder?srcid=jwlshare&wtlocale=E&prefer=lang&docid=1102021350&par=15,Period
4,29,7,18,,,1 week (Dan. 9:27),36,7,18,,,https://www.jw.org/finder?srcid=jwlshare&wtlocale=E&prefer=lang&docid=1102015160&par=42,Period
6,-455,7,18,,,70 weeks (Dan. 9:24),36,7,18,,,https://www.jw.org/finder?srcid=jwlshare&wtlocale=E&prefer=lang&docid=1102021350&par=15,Period
4,-455,9,15,,,The returned Jews gather at the public square to listen to the reading of the Law (Neh. 8:1),,,,,,https://www.jw.org/finder?srcid=jwlshare&wtlocale=E&prefer=lang&docid=2013766&par=9,Historical
4,-455,9,16,,,They learn that they need to celebrate the Festival of Booths (Neh 8:14),,,,,,https://www.jw.org/finder?srcid=jwlshare&wtlocale=E&prefer=lang&docid=2013766&par=11,Historical
4,-455,9,16,,,Festival of Booths,-455,9,23,,,https://www.jw.org/finder?srcid=jwlshare&wtlocale=E&prefer=lang&docid=2013766&par=11,Historical
4,-455,10,9,,,At Tisjri  24 the Jews publicly show repentance (Neh 9:1),,,,,,https://www.jw.org/finder?srcid=jwlshare&wtlocale=E&prefer=lang&bible=16009001&pub=nwtsty,Historical
4,-443,,,,,Nehemiah written,,,,,,https://www.jw.org/finder?srcid=jwlshare&wtlocale=E&prefer=lang&docid=1001070071,Bible Book
4,-433,,,,,Malachi written,,,,,,https://www.jw.org/finder?srcid=jwlshare&wtlocale=E&prefer=lang&docid=1001070071,Bible Book
5,-453,,,,43200,Malachi,-430,,,,43200,https://www.jw.org/finder?srcid=jwlshare&wtlocale=E&prefer=lang&docid=1102006141&par=5,Prophet
4,-406,,,,,Rebuilding of Jerusalem is evidently completed,,,,,,https://www.jw.org/finder?srcid=jwlshare&wtlocale=E&prefer=lang&docid=1101999030&par=28,Historical
4,-356,,,,,Alexander the Great,-323,,,,,https://www.jw.org/finder?srcid=jwlshare&wtlocale=E&prefer=lang&docid=1101999028&par=137,Historical
3,-340,,,,,Alexander the Great went back to Pella to rule Macedonia in the absence of his father,,,,,,https://www.jw.org/finder?srcid=jwlshare&wtlocale=E&prefer=lang&docid=1101999028&par=140,Historical
3,-336,,,,,20-year-old Alexander the Great inherits the throne,,,,,,https://www.jw.org/finder?srcid=jwlshare&wtlocale=E&prefer=lang&docid=1101999028&par=142,Historical
4,-332,7,,,,Island Tyre destroyed by Alexander the Great,,,,,,https://www.jw.org/finder?srcid=jwlshare&wtlocale=E&prefer=lang&docid=1200000192&par=5,Historical
6,-331,7,1,,,Greece world power,-63,,,,,https://www.jw.org/finder?srcid=jwlshare&wtlocale=E&prefer=lang&docid=1001070229,Wold Power
4,-305,,,,,Ptolemy I Lagus assumed the title of king. Ptolemaic dynasty.,,,,,,https://www.jw.org/finder?srcid=jwlshare&wtlocale=E&prefer=lang&docid=1101999032&par=19,Historical
4,-301,,,,,"Alexander’s empire divided into 4 Hellenistic kingdoms: Cassander, Lysimachus, Seleucus I Nicator and Ptolemy I Lagus.",,,,,,https://www.jw.org/finder?srcid=jwlshare&wtlocale=E&prefer=lang&docid=1101999032&par=15,Historical
4,-285,,,,,Ptolemy II (Ptolemaic dynasty),-246,,,,,https://www.jw.org/finder?wtlocale=E&docid=1996046&srctype=wol&srcid=share&par=12,Historical
4,-285,,,,,Lysimachus takes possession of Cassander’s part (Cassander died),,,,,,https://www.jw.org/finder?srcid=jwlshare&wtlocale=E&prefer=lang&docid=1101999032&par=17,Historical
4,-281,,,,,Seleucus I Nicator takes control over Lysimachus’ part. Seleucid dynasty,,,,,,https://www.jw.org/finder?srcid=jwlshare&wtlocale=E&prefer=lang&docid=1101999032&par=17,Historical
4,-280,,,,,Septuagint begun,,,,,,https://www.jw.org/finder?wtlocale=E&docid=1200002391&srctype=wol&srcid=share&par=9,Historical
4,-250,,,,,Antiochus II (Seleucid dynasty) marries Berenice (daughter of Ptolemy II - Ptolemaic dynasty),,,,,,https://www.jw.org/finder?srcid=jwlshare&wtlocale=E&prefer=lang&docid=1101999032&par=25,Historical
4,-246,,,,,"Seleucus II Callinicus (Seleucid dynasty), son of Laodice",-226,,,,,https://www.jw.org/finder?wtlocale=E&docid=1101999032&srctype=wol&srcid=share&par=26,Historical
4,-246,,,,,Ptolemy III Evergetes (Ptolemaic dynasty),-221,,,,,https://www.jw.org/finder?wtlocale=E&docid=1101999032&srctype=wol&srcid=share&par=28,Historical
4,-246,,,,,Antiochus II (Seleucid dynasty) remarries Laodice,,,,,,https://www.jw.org/finder?srcid=jwlshare&wtlocale=E&prefer=lang&docid=1101999032&par=26,Historical
4,-198,,,,,Judah under the domination of the Syrian king of the north,,,,,,https://www.jw.org/finder?srcid=jwlshare&wtlocale=E&prefer=lang&docid=1101999032&par=40,Historical
3,-168,12,10,,,Antiochus IV Epiphane sacrificie a pig on the altaar van de tempel in Jeruzalem.,,,,,,https://www.jw.org/finder?srcid=jwlshare&wtlocale=E&prefer=lang&docid=1200001506&par=2,Historical
4,-165,12,10,,,Rededication of temple after desecration by Greek idolatry (Festival of Dedication),,,,,,https://www.jw.org/finder?wtlocale=E&docid=101990884&srctype=wol&srcid=share&par=14,Historical
4,-86,,,,,Anna,10,,,,172800,https://www.jw.org/en/library/videos/#en/mediaitems/VODPgmEvtGilead/pub-jwb-085_12_VIDEO,Person
4,-65,,,,17280,Herod the Great,-1,8,1,,5040,https://www.jw.org/finder?srcid=jwlshare&wtlocale=E&prefer=lang&docid=1200002000&par=24,Historical
6,-63,,,,,Rome world power,1914,,,,,https://www.jw.org/finder?srcid=jwlshare&wtlocale=E&prefer=lang&docid=1001070229,Wold Power
4,-55,,,,,Julius Caesar invaded Britannia,,,,,,https://www.jw.org/finder?srcid=jwlshare&wtlocale=E&prefer=lang&docid=1101999028&par=29,Historical
4,-40,,,,,Herod the Great becomes king,,,,,,https://www.jw.org/finder?srcid=jwlshare&wtlocale=E&prefer=lang&docid=1200002000&par=20,Historical
4,-37,,,,,Herod (appointed king by Rome) takes Jerusalem,,,,,,https://www.jw.org/finder?srcid=jwlshare&wtlocale=E&prefer=lang&docid=1200002000&par=19,Historical
4,-27,,,,,Caesar Augustus,14,8,17,,,https://www.jw.org/finder?srcid=jwlshare&wtlocale=E&prefer=lang&docid=1200000468&par=4,Historical
3,-10,,,,,Herod Agrippa I,44,,,,,https://www.jw.org/finder?srcid=jwlshare&wtlocale=E&prefer=lang&bible=44012001&pub=nwtsty,Person
3,-3,7,,,,Angel Gabriel foretells the birth of John the Baptist to Zechariah,,,,,,https://www.jw.org/finder?srcid=jwlshare&wtlocale=E&prefer=lang&docid=1200005280&par=4,Historical
3,-2,1,,,,Angel Gabriel foretells the birth of Jesus to Mary,,,,,,https://www.jw.org/finder?srcid=jwlshare&wtlocale=E&prefer=lang&docid=1200002918&par=7,Historical
4,-2,4,,,,John the Baptist,31,10,,,8640,https://www.jw.org/finder?wtlocale=E&docid=1200002451&srctype=wol&srcid=share&par=39,Person
6,-2,10,1,,,Jesus born,,,,,,https://www.jw.org/finder?srcid=jwlshare&wtlocale=E&prefer=lang&docid=1200002451&par=34,Person
2,-2,10,8,,,Jesus’ circumcision on the 8th day,,,,,,https://www.jw.org/finder?srcid=jwlshare&wtlocale=E&prefer=lang&bible=42002021&pub=nwtsty,Historical
2,-2,11,11,,,Presented in temple by parents (after 40th day),,,,,,https://www.jw.org/finder?srcid=jwlshare&wtlocale=E&prefer=lang&docid=1101990130&par=118,Historical
2,-1,1,10,,,Total eclipse of the moon,,,,,,https://www.jw.org/finder?srcid=jwlshare&wtlocale=E&prefer=lang&docid=1200000970&par=79,Historical
2,-1,,,,,"Jozeph, Maria and Jezus return from Egypte",,,,,,https://www.jw.org/finder?srcid=jwlshare&wtlocale=E&prefer=lang&bible=40002020&pub=nwtsty,Historical
4,3,,,,25920,Paul,65,,,,,https://www.jw.org/finder?wtlocale=E&docid=1966082&srctype=wol&srcid=share&par=26,Person
3,4,,,,,Caesar Augustus adopted Tiberius and made him heir to the throne,,,,,,https://www.jw.org/finder?srcid=jwlshare&wtlocale=E&prefer=lang&docid=1101999034&par=12,Historical
3,6,6,,,,Annas high priest,15,,,,,https://www.jw.org/finder?srcid=jwlshare&wtlocale=E&prefer=lang&docid=2006043&par=12,Priest
4,12,4,8,,24,Twelve-year-old Jesus at the temple questions teachers,,,,,,https://www.jw.org/finder?srcid=jwlshare&wtlocale=E&prefer=lang&bible=42002042&pub=nwtsty,Historical
4,14,9,15,,,Caesar Tiberius,37,3,,,,https://www.jw.org/finder?srcid=jwlshare&wtlocale=E&prefer=lang&docid=1200004398&par=4,Historical
3,16,,,,8640,Paul studies in the school of Gamaliel,,,,,,https://www.jw.org/finder?wtlocale=E&docid=1966082&srctype=wol&srcid=share&par=27,Historical
3,18,,,,,Caiaphas high priest,36,,,,,https://www.jw.org/finder?srcid=jwlshare&wtlocale=E&prefer=lang&docid=2006043&par=13,Priest
3,21,,,,77760,Joseph (Jesus’ adoptive father) dies,,,,,,https://www.jw.org/finder?srcid=jwlshare&wtlocale=E&prefer=lang&docid=2019320&par=17,Person
3,21,,,,,Quirinius (mentioned in Luk 2:2) dies,,,,,,https://www.jw.org/finder?srcid=jwlshare&wtlocale=E&prefer=lang&docid=1200003607&par=4,Historical
3,26,,,,,Pilate appointed as governor of Judea,,,,,,https://www.jw.org/finder?srcid=jwlshare&wtlocale=E&prefer=lang&docid=1971404&par=3,Person
3,29,3,1,,,John the Baptist begins his ministry,29,9,30,,,https://www.jw.org/finder?srcid=jwlshare&wtlocale=E&prefer=lang&docid=1101991013&par=3,Prophet
4,29,10,1,,,Jesus’ baptism,,,,,,https://www.jw.org/finder?srcid=jwlshare&wtlocale=E&prefer=lang&docid=1101991014&par=3,Historical
1,29,10,1,,,"Jezus identified as the ‘seed’, the Messiah, the future judge, and appointed King (John 1:17 and 4:25, 26 and Acts 10:42, 43 and 2 Cor 1:20 and 1 Tim 3:16)",,,,,,https://www.jw.org/finder?srcid=jwlshare&wtlocale=E&prefer=lang&docid=1997403&par=57,Sacred secret
3,29,10,1,,,Jesus in the wilderness,29,11,10,,,https://www.jw.org/finder?srcid=jwlshare&wtlocale=E&prefer=lang&docid=1101991015&par=3,Period
3,29,11,10,,24,Jezus 3x tempted by Satan,,,,,,https://www.jw.org/finder?srcid=jwlshare&wtlocale=E&prefer=lang&bible=40004002&pub=nwtsty,Historical
3,29,11,11,,,Disciples Andrew and John and Peter and James follow Jesus,,,,,,https://www.jw.org/finder?srcid=jwlshare&wtlocale=E&prefer=lang&docid=1101991016&par=3,Historical
3,29,11,12,,,Disciples Philip and Nathanael follow Jesus,,,,,,https://www.jw.org/finder?srcid=jwlshare&wtlocale=E&prefer=lang&docid=1101991016&par=11,Historical
3,29,11,13,,,Jesus’ first miracle in Cana,,,,,,https://www.jw.org/finder?srcid=jwlshare&wtlocale=E&prefer=lang&docid=1101991017&par=3,Historical
3,30,4,1,,,Jesus cleanses the temple,,,,,,https://www.jw.org/finder?srcid=jwlshare&wtlocale=E&prefer=lang&docid=1200004601&par=5,Historical
3,30,6, ,,1440,"Jesus calls 4 disciples: Simon and Andrew, James and John",,,,,,https://www.jw.org/finder?srcid=jwlshare&wtlocale=E&prefer=lang&docid=1967001&par=15,Historical
3,30,,,,,First tour of Galilee (with the four),,,,,,https://www.jw.org/finder?srcid=jwlshare&wtlocale=E&prefer=lang&docid=1001070209,Historical
4,31,,,,43200,Timothy,70,,,,172800,https://www.jw.org/finder?srcid=jwlshare&wtlocale=E&prefer=lang&docid=2020688&par=4,Person
3,31,4,1,,,Jesus chooses 12 apostles,,,,,,https://www.jw.org/finder?srcid=jwlshare&wtlocale=E&prefer=lang&docid=1001070209,Historical
3,31,4,,,,Second preaching tour (with the 12),,,,,,https://www.jw.org/finder?srcid=jwlshare&wtlocale=E&prefer=lang&docid=1001070209,Historical
1,31,6,,,4320,"Jesus reveals that he will have fellow rulers and judges, that the heavenly Kingdom will have earthly subjects, and that all his followers are to be Kingdom preachers",,,,,,https://www.jw.org/finder?srcid=jwlshare&wtlocale=E&prefer=lang&docid=1997403&par=58,Sacred secret
3,31,10,12,,,"Lucius Sejanus (friend of Pontius Pilate) amidst suspicions of conspiracy against Tiberius, was arrested and executed",,,,,,https://en.wikipedia.org/wiki/Sejanus,Historical
3,32,3,,,,"Jesus feeds 5,000 men",,,,,,https://www.jw.org/finder?srcid=jwlshare&wtlocale=E&prefer=lang&docid=1001070210,Historical
3,32,6,,,1440,Transfiguration,,,,,,https://www.jw.org/finder?srcid=jwlshare&wtlocale=E&prefer=lang&docid=1001070211,Historical
3,32,10,1,,,Jesus sends out the 70,,,,,,https://www.jw.org/finder?srcid=jwlshare&wtlocale=E&prefer=lang&docid=1001070211,Historical
3,32,12,,,,Lazarus dies and is resurrected,,,,,,https://www.jw.org/finder?srcid=jwlshare&wtlocale=E&prefer=lang&docid=1001070212,Historical
1,33,3,23,12,8,Jesus arrives in Bethany,,,,,,https://www.jw.org/finder?srcid=jwlshare&wtlocale=E&prefer=lang&docid=1001070213,Historical
2,33,3,24,,,Jesus enters Jerusalem riding on a donkey,,,,,,https://www.jw.org/finder?srcid=jwlshare&wtlocale=E&prefer=lang&docid=1001070213,Historical
2,33,3,23,20,2,Mary pours oil on Jesus,,,,,,https://www.jw.org/finder?srcid=jwlshare&wtlocale=E&prefer=lang&docid=1001070213,Historical
2,33,3,25,,,Jesus cleanses temple again,,,,,,https://www.jw.org/finder?srcid=jwlshare&wtlocale=E&prefer=lang&docid=1001070213,Historical
1,33,3,26,15,3,Jesus observes widow’s contribution,,,,,,https://www.jw.org/finder?srcid=jwlshare&wtlocale=E&prefer=lang&docid=1001070213,Historical
1,33,3,26,,,"Jesus reveals that the Kingdom will be established at a definite time, as corroborated by world events. (Matthew 24:3-22 and Luke 21:24)",,,,,,https://www.jw.org/finder?srcid=jwlshare&wtlocale=E&prefer=lang&docid=1997403&par=59,Heilig geheim
1,33,3,26,,,"Jesus’ illustration of slaves receiving 5, 2, 1 talents (Mt 25)",,,,,,https://www.jw.org/finder?srcid=jwlshare&wtlocale=E&prefer=lang&docid=1001070213,Historical
1,33,3,26,,,Jesus’ illustration of sheep and goats (Mt 25:33),,,,,,https://www.jw.org/finder?srcid=jwlshare&wtlocale=E&prefer=lang&docid=1001070213,Historical
1,33,3,27,,,Judas arranges Jesus’ betrayal,,,,,,https://www.jw.org/finder?srcid=jwlshare&wtlocale=E&prefer=lang&docid=1001070213,Historical
1,33,3,28,13,5,Jesus prepares for last Passover,,,,,,https://www.jw.org/finder?srcid=jwlshare&wtlocale=E&prefer=lang&docid=1001070213,Historical
3,33,3,28,20,1,Jesus eats Passover with apostles,,,,,,https://www.jw.org/finder?srcid=jwlshare&wtlocale=E&prefer=lang&docid=1001070213,Historical
0,33,3,28,24,1,Illustration of true vine,,,,,,https://www.jw.org/finder?srcid=jwlshare&wtlocale=E&prefer=lang&docid=1001070214,Historical
0,33,3,29,1,1,Jesus’ high-priestly prayer in Joh 17,,,,,,https://www.jw.org/finder?srcid=jwlshare&wtlocale=E&prefer=lang&docid=1001070214,Historical
0,33,3,29,2,1,Jesus goes with disciples to Gethsemane,,,,,,https://www.jw.org/finder?srcid=jwlshare&wtlocale=E&prefer=lang&docid=1001070214,Historical
2,33,3,29,3,1,Jesus is arrested,,,,,,https://www.jw.org/finder?srcid=jwlshare&wtlocale=E&prefer=lang&docid=1101991120&par=3,Person
0,33,3,29,4,1,"Jesus is led to Annas, then to Caiaphas",,,,,,https://www.jw.org/finder?srcid=jwlshare&wtlocale=E&prefer=lang&docid=1001070214,Historical
0,33,3,29,5,1,Peter denies Jesus in the courtyard at Caiaphas’ house,,,,,,https://www.jw.org/finder?srcid=jwlshare&wtlocale=E&prefer=lang&docid=1001070214,Historical
0,33,3,29,6,1,Jesus is led to the Sanhedrin,,,,,,https://www.jw.org/finder?srcid=jwlshare&wtlocale=E&prefer=lang&docid=1101991123&par=3,Historical
0,33,3,29,6,1,Judas commits suicide,,,,,,https://www.jw.org/finder?srcid=jwlshare&wtlocale=E&prefer=lang&bible=40027001&pub=nwtsty,Historical
0,33,3,29,7,1,Jesus is led to Pilate,,,,,,https://www.jw.org/finder?srcid=jwlshare&wtlocale=E&prefer=lang&docid=1101991123&par=11,Historical
0,33,3,29,8,1,Jesus is led to Herod,,,,,,https://www.jw.org/finder?srcid=jwlshare&wtlocale=E&prefer=lang&docid=1101991124&par=10,Historical
0,33,3,29,9,1,Jesus is led back to Pilate,,,,,,https://www.jw.org/finder?srcid=jwlshare&wtlocale=E&prefer=lang&docid=1101991124&par=12,Historical
0,33,3,29,10,1,Simon of Cyrene is impressed into service to carry the torture stake for Jesus,,,,,,https://www.jw.org/finder?srcid=jwlshare&wtlocale=E&prefer=lang&docid=1991043&par=15,Person
0,33,3,29,11,1,Jesus is nailed to the torture stake,,,,,,https://www.jw.org/finder?srcid=jwlshare&wtlocale=E&prefer=lang&bible=42023033&pub=nwtsty,Historical
0,33,3,29,12,,Darkness falls over the earth,,,,,,https://www.jw.org/finder?srcid=jwlshare&wtlocale=E&prefer=lang&bible=40027045&pub=nwtsty,Person
6,33,3,29,15,,Jesus dies,,,,,,https://www.jw.org/finder?srcid=jwlshare&wtlocale=E&prefer=lang&docid=1200002451&par=34,Person
6,33,3,29,15,,Jesus is dead,33,4,1,6,,https://www.jw.org/finder?srcid=jwlshare&wtlocale=E&prefer=lang&docid=1200002451&par=34,Person
1,33,3,29,17,,Jesus is placed in new tomb,,,,,,https://www.jw.org/finder?wtlocale=E&docid=1101989036&srctype=wol&srcid=share&par=27,Person
1,33,3,29,18,,Sabbath starts,,,,,,https://www.jw.org/finder?wtlocale=E&docid=1200003547&srctype=wol&srcid=share&par=4,Person
2,33,3,30,12,12,Overpriests and pharisees request Pilate that the grave be made secure with guards,,,,,,https://www.jw.org/finder?srcid=jwlshare&wtlocale=E&prefer=lang&bible=40027066&pub=nwtsty,Historical
0,33,3,30,18,,"Sabbath ends - Mary Magdalene, Mary (mother of James) and Salome buy spices for greasing Jesus’ body",,,,,,https://www.jw.org/finder?wtlocale=E&docid=1974249&srctype=wol&srcid=share&par=18,Person
3,33,4,1,6,,"Nisan 16, Jesus is resurrected",,,,,,https://www.jw.org/finder?srcid=jwlshare&wtlocale=E&prefer=lang&docid=1989603&par=10,Person
0,33,4,1,7,1,"Maria Magdelena, Maria (mother of James) find first an empty grave, then two angels, then Jesus",,,,,,https://www.jw.org/finder?srcid=jwlshare&wtlocale=E&prefer=lang&bible=43020001&pub=nwtsty,Historical
0,33,4,1,10,2,Jesus appears to Cleopas and another disciple on the road to Emmaus,,,,,,https://www.jw.org/finder?srcid=jwlshare&wtlocale=E&prefer=lang&bible=42024013&pub=nwtsty,Historical
0,33,4,1,18,2,Jesus appears to Peter,,,,,,https://www.jw.org/finder?srcid=jwlshare&wtlocale=E&prefer=lang&bible=42024034&pub=nwtsty,Historical
0,33,4,1,19,2,Jesus appears to the disciples in the locked room (Thomas is absent),,,,,,https://www.jw.org/finder?srcid=jwlshare&wtlocale=E&prefer=lang&bible=42024036&pub=nwtsty,Historical
1,33,4,9,,12,Jesus appears to the disciples in the locked room and convinces Thomas,,,,,,https://www.jw.org/finder?srcid=jwlshare&wtlocale=E&prefer=lang&bible=43020026&pub=nwtsty,Historical
1,33,4,25,,360,Jesus appears at the Sea of Galilee and cause a miraculous catch,,,,,,https://www.jw.org/finder?srcid=jwlshare&wtlocale=E&prefer=lang&bible=43021001&pub=nwtsty,Historical
1,33,4,26,,360,Jesus appears to the more than 500 disciples and commands them to preach,,,,,,https://www.jw.org/finder?srcid=jwlshare&wtlocale=E&prefer=lang&bible=46015006&pub=nwtsty,Historical
1,33,4,27,,360,Jesus appears to James,,,,,,https://www.jw.org/finder?srcid=jwlshare&wtlocale=E&prefer=lang&bible=46015007&pub=nwtsty,Historical
1,33,5,11,12,5,Jesus appears to the apostles and requests them to stay in Jerusalem and wait for what the Father has promised,,,,,,https://www.jw.org/finder?srcid=jwlshare&wtlocale=E&prefer=lang&bible=44001004&pub=nwtsty,Historical
1,33,5,11,13,5,Jesus walks from Jerusalem to Bethany together with the disciples,,,,,,https://www.jw.org/finder?srcid=jwlshare&wtlocale=E&prefer=lang&bible=42024050&pub=nwtsty,Historical
3,33,5,11,15,5,"40 days after Nisan 16, Jesus returns to heaven",,,,,,https://www.jw.org/finder?srcid=jwlshare&wtlocale=E&prefer=lang&docid=1989603&par=10,Person
3,33,5,21,9,,"Pentecost, 50 days after Nisan 16, holy spirit was poured out",,,,,,https://www.jw.org/finder?srcid=jwlshare&wtlocale=E&prefer=lang&bible=44002015&pub=nwtsty,Historical
1,33,5,21,14,5,3000 baptized and anointed with holy spirit,,,,,,https://www.jw.org/finder?srcid=jwlshare&wtlocale=E&prefer=lang&bible=44002041&pub=nwtsty,Historical
3,33,7,,,,Stephen is stoned to death,,,,,,https://www.jw.org/finder?srcid=jwlshare&wtlocale=E&prefer=lang&docid=1102009048&par=5,Person
4,34,,,,,Paul is converted,,,,,,https://www.jw.org/finder?wtlocale=E&docid=1200000310&srctype=wol&srcid=share&par=18,Person
3,34,,,,,Philip baptizes Ethiopian eunuch,,,,,,https://www.jw.org/finder?wtlocale=E&docid=1101975063&srctype=wol&srcid=share&par=22,Historical
4,36,7,18,,,End of 70 weeks of years (-455 to 36),,,,,,https://www.jw.org/finder?srcid=jwlshare&wtlocale=E&prefer=lang&docid=1200003915&par=18,Historical
3,36,11,6,,1080,Peter visits Cornelius,,,,,,https://www.jw.org/finder?srcid=jwlshare&wtlocale=E&prefer=lang&docid=1102009052&par=5,Historical
3,36,,,,,Paul’s quiet years (in Tarsus),45,,,,,https://www.jw.org/finder?wtlocale=E&docid=2000526&srctype=wol&srcid=share&par=24,Historical
4,37,,,,,Caesar Caligula,41,,,,,https://nl.wikipedia.org/wiki/Caligula,Historical
3,37,,,,,Pilate removed from office and sent to Rome,,,,,,https://www.jw.org/finder?wtlocale=E&docid=1200003485&srctype=wol&srcid=share&par=14,Historical
3,37,1,1,,8640,"Caiaphas removed from office, committed suicide",,,,,,https://www.jw.org/finder?wtlocale=E&docid=1977052&srctype=wol&srcid=share&par=17,Historical
4,41,,,,,Caesar Claudius I,54,,,,,https://nl.wikipedia.org/wiki/Claudius_I,Historical
3,41,,,,,Matthew written,,,,,,https://www.jw.org/finder?srcid=jwlshare&wtlocale=E&prefer=lang&docid=1001070071,Bible Book
3,41,,,,,Paul’s vision of paradise (2 Cor. 12),,,,,,https://www.jw.org/finder?wtlocale=E&docid=1200003406&srctype=wol&srcid=share&par=11,Historical
3,43,,,,,Emperor Claudius begins a more permanent conquest of southern Britain,,,,,,https://www.jw.org/finder?srcid=jwlshare&wtlocale=E&prefer=lang&docid=1101999028&par=29,Historical
3,44,,,,,Disciples were called Christians (Acts 11:26),,,,,,https://www.jw.org/finder?srcid=jwlshare&wtlocale=E&prefer=lang&docid=1200000967&par=3,Historical
3,44,,,,,James (John’s brother) put in prison by Herod Agrippa I and executed,,,,,,https://www.jw.org/finder?srcid=jwlshare&wtlocale=E&prefer=lang&docid=1200003451&par=22,Historical
3,44,,,,,"Peter is put in prison by Herod Agrippa I, but then released by an angel",,,,,,https://www.jw.org/finder?srcid=jwlshare&wtlocale=E&prefer=lang&docid=1200003451&par=22,Historical
3,46,,,,,Relief mission in Jerusalem,,,,,,https://www.jw.org/finder?wtlocale=E&docid=1200003406&srctype=wol&srcid=share&par=12,Historical
3,47,,,,,Paul’s first missionary tour,48,,,,,https://www.jw.org/finder?srcid=jwlshare&wtlocale=E&prefer=lang&docid=1001070234&par=110,Historical
3,49,,,,,Governing body decides that circumcision is not required,,,,,,https://www.jw.org/finder?wtlocale=E&docid=1200003406&srctype=wol&srcid=share&par=15,Historical
3,49,,,,,Paul’s second missionary tour,52,,,,,https://www.jw.org/finder?srcid=jwlshare&wtlocale=E&prefer=lang&docid=1001070234&par=111,Historical
4,50,1,1,,2160,Paul chooses Timothy as a traveling companion,,,,,,https://www.jw.org/finder?srcid=jwlshare&wtlocale=E&prefer=lang&docid=1200004416&par=3,Person
3,51,,,,4320,Jews in Corinth turn against Paul and bring him before judge Gallio,,,,,,https://www.jw.org/finder?srcid=jwlshare&wtlocale=E&prefer=lang&docid=1102009063&par=20,Historical
3,52,,,,,Galatians written,,,,,,https://www.jw.org/finder?srcid=jwlshare&wtlocale=E&prefer=lang&docid=1001070071,Bible Book
3,50,11,,,2160,1 Thessalonians written,,,,,,https://www.jw.org/finder?srcid=jwlshare&wtlocale=E&prefer=lang&docid=1001070071,Bible Book
3,50,,,,4320,Paul visits Corinth (Acts 18:1),,,,,,https://www.jw.org/finder?srcid=jwlshare&wtlocale=E&prefer=lang&docid=1200001039&par=4,Person
3,50,,,,8640,Roman Emperor Claudius requires all Jews to leave Rome,,,,,,https://www.jw.org/finder?srcid=jwlshare&wtlocale=E&prefer=lang&docid=2021286&par=10,Historical
3,51,,,,,2 Thessalonians written,,,,,,https://www.jw.org/finder?srcid=jwlshare&wtlocale=E&prefer=lang&docid=1001070071,Bible Book
3,52,,,,,Paul’s third missionary tour,56,,,,,https://www.jw.org/finder?srcid=jwlshare&wtlocale=E&prefer=lang&docid=1001070234&par=112,Historical
4,54,10,13,,,Caesar Nero,68,6,9,,,https://nl.wikipedia.org/wiki/Nero_(keizer),Historical
3,55,4,1,,2160,1 Corinthians written,,,,,,https://www.jw.org/finder?srcid=jwlshare&wtlocale=E&prefer=lang&docid=1001070071,Bible Book
1,55,4,1,,,Paul explains that the Kingdom joint heirs will be resurrected to immortality and incorruption during Christ’s presence (1 Cor 15:51-54),,,,,,https://www.jw.org/finder?srcid=jwlshare&wtlocale=E&prefer=lang&docid=1997403&par=61,Sacred secret
3,55,,,,,Paul travels to Jerusalem together with Tychicus for a relief mission,,,,,,https://www.jw.org/finder?wtlocale=E&docid=1998522&srctype=wol&srcid=share&par=5,Historical
3,55,10,1,,2160,2 Corinthians written ,,,,,,https://www.jw.org/finder?srcid=jwlshare&wtlocale=E&prefer=lang&docid=1001070071,Bible Book
3,56,,,,,Luke written,,,,,,https://www.jw.org/finder?srcid=jwlshare&wtlocale=E&prefer=lang&docid=1001070071,Bible Book
3,56,,,,,Romans written,,,,,,https://www.jw.org/finder?srcid=jwlshare&wtlocale=E&prefer=lang&docid=1001070071,Bible Book
3,56,,,,,Paul arrested in Jeruzalem and brought before the Sanhedrin (Acts 21-23),,,,,,https://www.jw.org/finder?srcid=jwlshare&wtlocale=E&prefer=lang&docid=2020642&par=9,Historical
3,56,,,,,Philip lives in Caesarea together with his four daughters,,,,,,https://www.jw.org/finder?srcid=jwlshare&wtlocale=E&prefer=lang&docid=1200003466&par=10,Historical
3,58,,,,,Paul‘s defense before king Agrippa II (and Festus),,,,,,https://www.jw.org/finder?srcid=jwlshare&wtlocale=E&prefer=lang&docid=1200002000&par=55,Historical
3,58,,,,,Paul shipwrecked at Malta (Acts 27),,,,,,https://www.jw.org/finder?srcid=jwlshare&wtlocale=E&prefer=lang&docid=2020642&par=11,Historical
3,59,3,,,720,Paul first touched Italian soil at Rhegium on the ‘toe’ of Italy,,,,,,https://www.jw.org/finder?srcid=jwlshare&wtlocale=E&prefer=lang&docid=1200002234&par=7,Historical
3,59,,,,,Paul’s imprisonment in hired house in Rome,61,,,,,https://www.jw.org/finder?srcid=jwlshare&wtlocale=E&prefer=lang&docid=2013126&par=2,Period
3,60,,,,,Mark written,,,,,,https://www.jw.org/finder?srcid=jwlshare&wtlocale=E&prefer=lang&docid=1001070071,Bible Book
3,60,,,,,Ephesians written,,,,,,https://www.jw.org/finder?srcid=jwlshare&wtlocale=E&prefer=lang&docid=1001070071,Bible Book
3,60,,,,,Philippians written,,,,,,https://www.jw.org/finder?srcid=jwlshare&wtlocale=E&prefer=lang&docid=1001070071,Bible Book
3,60,,,,,Colossians written,,,,,,https://www.jw.org/finder?srcid=jwlshare&wtlocale=E&prefer=lang&docid=1001070071,Bible Book
3,60,,,,,Philemon written,,,,,,https://www.jw.org/finder?srcid=jwlshare&wtlocale=E&prefer=lang&docid=1001070071,Bible Book
3,61,,,,,Acts written,,,,,,https://www.jw.org/finder?srcid=jwlshare&wtlocale=E&prefer=lang&docid=1001070071,Bible Book
3,61,,,,,1 Timothy written,,,,,,https://www.jw.org/finder?srcid=jwlshare&wtlocale=E&prefer=lang&docid=1001070071,Bible Book
3,61,,,,,Titus written,,,,,,https://www.jw.org/finder?srcid=jwlshare&wtlocale=E&prefer=lang&docid=1001070071,Bible Book
3,61,,,,,Hebrews written,,,,,,https://www.jw.org/finder?srcid=jwlshare&wtlocale=E&prefer=lang&docid=1001070071,Bible Book
3,62,,,,,James written,,,,,,https://www.jw.org/finder?srcid=jwlshare&wtlocale=E&prefer=lang&docid=1001070071,Bible Book
3,63,,,,8640,1 Peter written,,,,,,https://www.jw.org/finder?srcid=jwlshare&wtlocale=E&prefer=lang&docid=1001070071,Bible Book
3,64,,,,,2 Peter written,,,,,,https://www.jw.org/finder?srcid=jwlshare&wtlocale=E&prefer=lang&docid=1001070071,Bible Book
3,64,7,,,,"Fire that ravaged Rome, followed by persecution of Christians, at instigation of Nero",,,,,,https://www.jw.org/finder?wtlocale=E&docid=1200000967&srctype=wol&srcid=share&par=13,Historical
3,65,,,,,2 Timothy written,,,,,,https://www.jw.org/finder?srcid=jwlshare&wtlocale=E&prefer=lang&docid=1001070071,Bible Book
3,65,,,,,Jude written,,,,,,https://www.jw.org/finder?srcid=jwlshare&wtlocale=E&prefer=lang&docid=1001070071,Bible Book
3,66,8,,720,,Zealots lead an assault on Roman guards in Jerusalem,,,,,,https://www.jw.org/finder?srcid=jwlshare&wtlocale=E&prefer=lang&docid=1999322&par=9,Historical
3,66,9,,720,,Cestius Gallus retreats Roman army,,,,,,https://www.jw.org/finder?srcid=jwlshare&wtlocale=E&prefer=lang&docid=1999322&par=12,Historical
3,67,,,,,Vespasian set about putting down the Jewish uprising,,,,,,https://www.jw.org/finder?srcid=jwlshare&wtlocale=E&prefer=lang&docid=1200002227&par=40,Historical
3,68,,,,,Nero’s unexpected death opens the way for Vespasian to become emperor,,,,,,https://www.jw.org/finder?srcid=jwlshare&wtlocale=E&prefer=lang&docid=1200002227&par=40,Historical
3,69,,,,,Vespasian returns to Rome and let his son Titus continue the campaign,,,,,,https://www.jw.org/finder?srcid=jwlshare&wtlocale=E&prefer=lang&docid=1200002227&par=40,Historical
5,70,4,3,,,Jerusalem and temple attacked by Romans (Titus),,,,,,https://www.jw.org/finder?srcid=jwlshare&wtlocale=E&prefer=lang&docid=1200002436&par=64,War
5,70,4,3,,,Jerusalem and temple destroyed by Romans (Titus),70,8,30,,,https://www.jw.org/finder?srcid=jwlshare&wtlocale=E&prefer=lang&docid=1200002436&par=64,War
3,73,,,,,"Masada, the last Jewish stronghold, falls to the Romans",,,,,,https://www.jw.org/finder?srcid=jwlshare&wtlocale=E&prefer=lang&docid=1200002227&par=40,Historical
3,96,,,,,Revelation written,,,,,,https://www.jw.org/finder?srcid=jwlshare&wtlocale=E&prefer=lang&docid=1001070071,Bible Book
1,96,,,,,"Jesus, already ruling over his anointed followers, reveals that their final number will be 144,000 (Eph 5:32 and Col 1:13-20 and Rev 1:1 and 14:1-3)",,,,,,https://www.jw.org/finder?srcid=jwlshare&wtlocale=E&prefer=lang&docid=1997403&par=62,Sacred secret
3,98,,,,,John written,,,,,,https://www.jw.org/finder?srcid=jwlshare&wtlocale=E&prefer=lang&docid=1001070071,Bible Book
3,96,,,,,John released from exile in Patmos,,,,,,https://www.jw.org/finder?srcid=jwlshare&wtlocale=E&prefer=lang&docid=1200003403&par=3,Historical
3,98,,,,,1 John written,,,,,,https://www.jw.org/finder?srcid=jwlshare&wtlocale=E&prefer=lang&docid=1001070071,Bible Book
3,98,,,,,2 John written,,,,,,https://www.jw.org/finder?srcid=jwlshare&wtlocale=E&prefer=lang&docid=1001070071,Bible Book
3,98,,,,,3 John written,,,,,,https://www.jw.org/finder?srcid=jwlshare&wtlocale=E&prefer=lang&docid=1001070071,Bible Book
4,100,,,,,John dies (the last of the apostles),,,,,,https://www.jw.org/finder?wtlocale=E&docid=1200002489&srctype=wol&srcid=share&par=33,Person
3,122,,,,,"Emperor Hadrian builds a wall from the Tyne River to the Solway Firth, marking the northern limit of the Roman Empire",,,,,,https://www.jw.org/finder?srcid=jwlshare&wtlocale=E&prefer=lang&docid=1101999028&par=29,Historical
3,125,,,,87600,Papyrus Rylands containing a few verses of the gospel of John written,,,,,,https://www.jw.org/finder?wtlocale=E&docid=2015245&srctype=wol&srcid=share&par=9,Bible
3,130,,,,,Hadrian rebuilds Jerusalem,,,,,,https://www.jw.org/finder?srcid=jwlshare&wtlocale=E&prefer=lang&docid=1200002436&par=66,Historical
3,200,,,,,Symmachus translates Hebrew Scriptures into Greek,,,,,,https://www.jw.org/finder?srcid=jwlshare&wtlocale=E&prefer=lang&docid=1200004554&par=10,Historical
3,225,,,,,Council of Carthage advocates infant baptism,,,,,,https://www.jw.org/finder?wtlocale=E&docid=1101989212&srctype=wol&srcid=share&par=14,Historical
3,245,,,,,Origen complets the Hexapla (a multiple version of the Hebrew Scriptures),,,,,,https://www.jw.org/finder?srcid=jwlshare&wtlocale=E&prefer=lang&docid=1200004554&par=11,Historical
3,303,,,,,Diocletian decrees that Christian meeting places be razed and Scriptures burned,,,,,,https://www.jw.org/finder?srcid=jwlshare&wtlocale=E&prefer=lang&docid=2015921&par=21,Historical
5,313,,,,,Constantine legalizes Christianity,,,,,,https://www.jw.org/finder?srcid=jwlshare&wtlocale=E&prefer=lang&docid=2016843&par=19,Historical
5,325,,,,,Council of Nicaea,,,,,,https://www.jw.org/finder?wtlocale=E&docid=1101990043&srctype=wol&srcid=share&par=35,Historical
3,325,,,,219000,Codex Vaticanus (oldest majuskel writing) written,,,,,,https://www.jw.org/finder?wtlocale=E&docid=2009727&srctype=wol&srcid=share&par=6,Bible
4,332,,,,,Theodosius I makes Christianity official religion of Roman Empire,,,,,,https://www.jw.org/finder?wtlocale=E&docid=1102017167&srctype=wol&srcid=share&par=29,Historical
3,350,,,,438000,Codex Sinaiticus (oldest complete copy of the New Testament in Greek) written,,,,,,https://www.jw.org/finder?wtlocale=E&docid=102008047&srctype=wol&srcid=share&par=3,Bible
4,381,,,,,Roman Empire permanently divided into East and West,,,,,,https://www.jw.org/finder?srcid=jwlshare&wtlocale=E&prefer=lang&docid=2016843&par=19,Historical
5,395,,,,,Council of Carthage: proposal to add 7 of the Apocryphal books and additions of Esther and Daniel to the Bible,,,,,,https://www.jw.org/finder?srcid=jwlshare&wtlocale=E&prefer=lang&docid=102001725&par=44,Historical
5,397,,,,,Jerome completes Latin Vulgate,,,,,,https://www.jw.org/finder?srcid=jwlshare&wtlocale=E&prefer=lang&docid=1101990131&par=46,Historical
4,405,,,,,Hiëronymus complete the Latin Vulgate,,,,,,https://www.jw.org/finder?srcid=jwlshare&wtlocale=E&prefer=lang&docid=1200000305&par=12,Bible
3,476,,,,,Rome falls,,,,,,https://www.jw.org/finder?srcid=jwlshare&wtlocale=E&prefer=lang&docid=1200003763&par=9,Historical
4,570,,,,,Muhammad born (approximately),732,,,,,https://www.jw.org/finder?srcid=jwlshare&wtlocale=E&prefer=lang&docid=1200002216&par=8,Historical
4,813,,,,,Concilie van Tours - Local law that sermons had to be translated in the local language,,,,,,https://www.jw.org/finder?srcid=jwlshare&wtlocale=E&prefer=lang&docid=101982162&par=11,Historical
4,868,,,,,First books printed (China),,,,,,https://www.jw.org/finder?srcid=jwlshare&wtlocale=E&prefer=lang&docid=2010490&par=2,Historical
5,1008,,,,,Codex van Leningrad (oldest copy of the complete Bible in Hebrew),,,,,,https://www.jw.org/finder?wtlocale=E&docid=1980684&srctype=wol&srcid=share&par=6,Bible
4,1054,,,,,Final break between Greek and Latin churches,,,,,,https://www.jw.org/finder?srcid=jwlshare&wtlocale=E&prefer=lang&docid=102001725&par=25,Historical
4,1088,,,,,Berengarius of Tours died (forerunner of the Reformation),,,,,,https://www.jw.org/finder?srcid=jwlshare&wtlocale=E&prefer=lang&docid=101982162&par=16,Historical
3,1096,,,,,Frist Crusade,,,,,,https://www.jw.org/finder?srcid=jwlshare&wtlocale=E&prefer=lang&docid=101997724&par=15,Historical
4,1140,,,,,Petrus of Bruys died (forerunner of the Reformation),,,,,,https://www.jw.org/finder?srcid=jwlshare&wtlocale=E&prefer=lang&docid=101982162&par=16,Historical
4,1148,,,,,Hendrik of Lausanne or of Cluny died (forerunner Reformation),,,,,,https://www.jw.org/finder?srcid=jwlshare&wtlocale=E&prefer=lang&docid=101982162&par=16,Historical
4,1179,,,,,Paus Alexander III prohibits the Waldenzen to preach,,,,,,https://www.jw.org/finder?srcid=jwlshare&wtlocale=E&prefer=lang&docid=101982163&par=2,Historical
3,1184,,,,,Inquisition established,,,,,,https://www.jw.org/finder?srcid=jwlshare&wtlocale=E&prefer=lang&docid=101997327&par=5,Historical
4,1199,,,,,Paus Innocentius III prohibits study of the Bible and Bibles in the language of the people,,,,,,https://www.jw.org/finder?srcid=jwlshare&wtlocale=E&prefer=lang&docid=101982163&par=4,Historical
5,1229,,,,,Council of Toulouse prohibits the use of vernacular Bibles,,,,,,https://www.jw.org/finder?srcid=jwlshare&wtlocale=E&prefer=lang&docid=2013122&par=17,Historical
3,1231,,,,,medieval Inquisition begins in Italy and France,,,,,,https://www.jw.org/finder?srcid=jwlshare&wtlocale=E&prefer=lang&docid=101998884&par=20,Historical
3,1278,,,,,First use of the Latin form ‘Jehovah’ in Pugio Fidei (this is not a Bibel),,,,,,https://www.jw.org/finder?wtlocale=E&docid=1101984304&srctype=wol&srcid=share&par=5,Bible
4,1382,,,,,Wycliffe’s Bible translation in English released,,,,,,https://www.jw.org/finder?srcid=jwlshare&wtlocale=E&prefer=lang&docid=2013122&par=18,Historical
5,1455,,,,,Gutenberg prints Latin Vulgate,,,,,,https://www.jw.org/finder?srcid=jwlshare&wtlocale=E&prefer=lang&docid=1997685&par=14,Historical
3,1477,,,,,Delftse Bible (first printed Dutch book),,,,,,https://nl.wikipedia.org/wiki/Delftse_Bijbel,Bible
4,1478,,,,,Spanish Inquisition begins,,,,,,https://www.jw.org/finder?srcid=jwlshare&wtlocale=E&prefer=lang&docid=101997327&par=6,Historical
4,1492,10,12,,,Columbus reaches Americas ,,,,,,https://www.jw.org/finder?srcid=jwlshare&wtlocale=E&prefer=lang&docid=101992161&par=2,Historical
3,1516,,,,,Erasmus produces Greek master text of Christian Scriptures,,,,,,https://www.jw.org/finder?srcid=jwlshare&wtlocale=E&prefer=lang&docid=1997685&par=15,Historical
4,1517,,,,,"according to tradition, Luther nails 95 theses to church door",,,,,,https://www.jw.org/finder?srcid=jwlshare&wtlocale=E&prefer=lang&docid=1987687&par=8,Historical
3,1522,,,,,Complutensian Bible - Polyglot (first printed Greek Bible),,,,,,https://www.jw.org/finder?wtlocale=E&docid=1969843&srctype=wol&srcid=share&par=30,Bible
4,1525,,,,,Tyndale completes English translation of Christian Scriptures,,,,,,https://www.jw.org/finder?srcid=jwlshare&wtlocale=E&prefer=lang&docid=102011446&par=6,Historical
3,1526,,,,,Liesvelt-Bible (first complete Dutch Bible),,,,,,https://www.jw.org/finder?wtlocale=E&docid=102002648&srctype=wol&srcid=share&par=13,Bible
4,1528,,,,,"Robert Estienne publishes Bible editions in 1528-1557, introduces running heads and modern verse divisions",,,,,,https://www.jw.org/finder?srcid=jwlshare&wtlocale=E&prefer=lang&docid=1995282&par=8,Historical
4,1530,,,,,Tyndale produces English translation of Pentateuch,,,,,,https://www.jw.org/finder?srcid=jwlshare&wtlocale=E&prefer=lang&docid=1997685&par=25,Historical
4,1535,,,,,Coverdale produces complete English Bible,,,,,,https://www.jw.org/finder?srcid=jwlshare&wtlocale=E&prefer=lang&docid=2013122&par=19,Historical
4,1536,,,,,Calvin publishes Institutes of the Christian Religion,,,,,,https://www.jw.org/finder?srcid=jwlshare&wtlocale=E&prefer=lang&docid=2010647&par=8,Historical
5,1536,,,,,Tyndale executed,,,,,,https://www.jw.org/finder?srcid=jwlshare&wtlocale=E&prefer=lang&docid=2013122&par=18,Person
3,1537,,,,,Coverdale’s translation published in England,,,,,,https://www.jw.org/finder?srcid=jwlshare&wtlocale=E&prefer=lang&docid=2012408&par=11,Historical
3,1537,,,,,"Matthew’s Bible printed in Antwerp, Belgium",,,,,,https://www.jw.org/finder?srcid=jwlshare&wtlocale=E&prefer=lang&docid=2012408&par=11,Historical
4,1538,,,,,King Henry VIII orders that all churches in England have a Bible,,,,,,https://www.jw.org/finder?srcid=jwlshare&wtlocale=E&prefer=lang&docid=1997685&par=50,Historical
3,1539,,,,,Great Bible (English) produced,,,,,,https://www.jw.org/finder?srcid=jwlshare&wtlocale=E&prefer=lang&docid=2012408&par=12,Historical
4,1542,,,,,Roman Inquisition begins,,,,,,https://www.jw.org/finder?srcid=jwlshare&wtlocale=E&prefer=lang&docid=101998884&par=5,Historical
5,1546,,,,,"Council of Trent: Roman Catholic Church definitely confirms the acceptance of Tobit, Judith, additions to Esther, Wisdom, Ecclesiasticus, Baruch, 3 additions to Daniel, First Maccabees and Second Maccabees",,,,,,https://www.jw.org/finder?srcid=jwlshare&wtlocale=E&prefer=lang&docid=1101990131&par=46,Historical
3,1559,,,,,Pope Paul IV forbids possession of Bible in common tongue,,,,,,https://www.jw.org/finder?srcid=jwlshare&wtlocale=E&prefer=lang&docid=2013122&par=17,Historical
3,1560,,,,,"Geneva Bible (English) published in Geneva, Switzerland ",,,,,,https://www.jw.org/finder?srcid=jwlshare&wtlocale=E&prefer=lang&docid=102011446&par=7,Historical
3,1562,,,,,"Deuxaes Bible (first Dutch Translation containing the name Jehovah, in a drawing in the margin)",,,,,,https://www.jw.org/finder?wtlocale=E&docid=1001070204&srctype=wol&srcid=share&par=13,Bible
3,1568,,,,,Bishops’ Bible (English) produced,,,,,,https://www.jw.org/finder?srcid=jwlshare&wtlocale=E&prefer=lang&docid=102011446&par=7,Historical
4,1573,,,,,Antwerp polyglot (Christoffer Plantijn) ready,,,,,,https://www.jw.org/finder?srcid=jwlshare&wtlocale=E&prefer=lang&docid=2006842&par=12,Historical
3,1576,,,,,Geneva Bible (English) printed in England,,,,,,https://www.jw.org/finder?srcid=jwlshare&wtlocale=E&prefer=lang&docid=102011446&par=7,Historical
3,1580,,,,,Psalms of Marnix of St.-Aldegonde (first Dutch translation using ‘Jehovah’ in the text),,,,,,https://www.jw.org/finder?wtlocale=E&docid=1001070204&srctype=wol&srcid=share&par=13,Bible
3,1588,,,,,Britain defeats Spanish Armada,,,,,,https://www.jw.org/finder?srcid=jwlshare&wtlocale=E&prefer=lang&docid=1101999028&par=30,Historical
5,1618,,,,,Thirty Years’ War,1648,,,,,https://www.jw.org/finder?srcid=jwlshare&wtlocale=E&prefer=lang&docid=2004205&par=3,War
3,1637,,,,,Statenvertaling (first complete Dutch Bible translated from the source texts),,,,,,https://www.jw.org/finder?wtlocale=E&docid=2017566&srctype=wol&srcid=share&par=13,Bible
5,1763,,,,,"Treaty of Paris, British Empire dominant",,,,,,https://www.jw.org/finder?srcid=jwlshare&wtlocale=E&prefer=lang&docid=1101999028&par=30,Historical
6,1914,,,,,Anglo-American world power,2026,10,1,7,,https://www.jw.org/finder?srcid=jwlshare&wtlocale=E&prefer=lang&docid=2012447&par=6,Wold Power
5,1783,,,,,Britain recognizes independence of 13 American colonies,,,,,,https://www.jw.org/finder?srcid=jwlshare&wtlocale=E&prefer=lang&docid=1101999028&par=33,Historical
4,1789,,,,,French Revolution,,,,,,https://www.jw.org/finder?srcid=jwlshare&wtlocale=E&prefer=lang&docid=101989927&par=6,Historical
4,1815,,,,,"Britain defeats Napoléon (at Waterloo, Belgium)",,,,,,https://www.jw.org/finder?srcid=jwlshare&wtlocale=E&prefer=lang&docid=1101999028&par=30,Historical
4,1819,11,25,,,Robert Morrison completes Chinese Bible,,,,,,https://www.jw.org/finder?srcid=jwlshare&wtlocale=E&prefer=lang&docid=2009402&par=19,Historical
3,1835,,,,,Adoniram Judson completes Burmese Bible,,,,,,https://www.jw.org/finder?srcid=jwlshare&wtlocale=E&prefer=lang&docid=2009402&par=24,Historical
3,1835,,,,,Henry Grew publishes pamflet about immortal soul,,,,,,https://www.jw.org/finder?srcid=jwlshare&wtlocale=E&prefer=lang&docid=2023404&par=20,Historical
3,1837,,,,,George Storrs afrees with the reasoning of Henry Grew and shares it with others,,,,,,https://www.jw.org/finder?srcid=jwlshare&wtlocale=E&prefer=lang&docid=2023404&par=20,Historical
3,1842,,,,,George Storrs preaches about ‘are the wicked immortal?’,,,,,,https://www.jw.org/finder?lank=pub-lffv_191_VIDEO&wtlocale=E,Historical
3,1845,,,,,Parents of C.T. Russell move from Ireland to the US,,,,,,https://www.jw.org/finder?lank=pub-lffv_191_VIDEO&wtlocale=E,Historical
5,1850,,,,,"Henry Grew, George Stetson and George Storrs expose the falseness of the immortality of the soul doctrine",,,,,,https://www.jw.org/finder?wtlocale=E&docid=1102014241&srctype=wol&srcid=share&par=13,Historical
3,1854,,,,,"Clay cylinders with cuneiform documents from King Nabonidus found in Ur (southern Iraq) that include a prayer for the unknown until then ‘Bel-sar-ussur, my eldest son’",,,,,,https://www.jw.org/finder?srcid=jwlshare&wtlocale=E&prefer=lang&docid=1101999021&par=10,Historical
3,1855,,,,,Cuneiform tablets unearthed that referred to Belshazzar as having secretaries and household staff,,,,,,https://www.jw.org/finder?srcid=jwlshare&wtlocale=E&prefer=lang&docid=1101999021&par=11,Historical
3,1861,,,,,"Mother of C.T. Russel’s dies, after 2 of his brothers and a sisters died.",,,,,,https://www.jw.org/finder?lank=pub-lffv_191_VIDEO&wtlocale=E,Historical
5,1868,,,,,C.T. Russell begins careful study of Scriptures,,,,,,https://www.jw.org/finder?srcid=jwlshare&wtlocale=E&prefer=lang&docid=1102014241&par=126,Historical
3,1869,,,,,C.T. Russell’s ‘wavering faith’ is reestablished after he hears a sermon by Adventist preacher Jonas Wendell,,,,,,https://www.jw.org/finder?wtlocale=E&docid=1102014241&srctype=wol&srcid=share&par=122,Historical
4,1869,,,,,J.F. Rutherford,1942,1,8,,,https://www.jw.org/finder?srcid=jwlshare&wtlocale=E&prefer=lang&docid=1101993009&par=4,Person
3,1870,,,,,C.T. Russell and his associates understand that Christ’s presence would be invisible,,,,,,https://www.jw.org/finder?srcid=jwlshare&wtlocale=E&prefer=lang&docid=1101993046&par=3,Historical
4,1870,,,,,"C.T. Russell and a group from Pittsburgh and Allegheny (Pennsylvania, U.S.A.) begin systematic study of the Bible",,,,,,https://www.jw.org/finder?srcid=jwlshare&wtlocale=E&prefer=lang&docid=1101993046&par=2,Historical
3,1872,,,,,C.T. Russell and his study group come to appreciate the ransom price,,,,,,https://www.jw.org/finder?srcid=jwlshare&wtlocale=E&prefer=lang&docid=1101993046&par=4,Historical
3,1976,,,,,End of appointed times of nations in 1914 first announced,,,,,,https://www.jw.org/finder?srcid=jwlshare&wtlocale=E&prefer=lang&docid=1102014241&par=132,Historical
3,1879,5,,,,Russell withdraws all support from Herald of the Morning because of Barbour’s attitude toward the ransom.,,,,,,https://www.jw.org/finder?srcid=jwlshare&wtlocale=E&prefer=lang&docid=1101993046&par=9,Historical
3,1879,,,,,Babylon the Great seen to be associated with Christendom,,,,,,https://www.jw.org/finder?srcid=jwlshare&wtlocale=E&prefer=lang&docid=1102014241&par=137,Historical
3,1879,7,,,,First issue of Zion’s Watch Tower and Herald of Christ’s Presence,,,,,,https://www.jw.org/finder?srcid=jwlshare&wtlocale=E&prefer=lang&docid=1102014241&par=136,Historical
1,1897,,,,,Zion’s Watch Tower points to 1914 as a year of great significance in the outworking of God’s ‘sacred secret’,,,,,,https://www.jw.org/finder?srcid=jwlshare&wtlocale=E&prefer=lang&docid=1997403&par=63,Sacred secret
3,1880,,,,,Russell tours northeastern U.S. to form study groups,,,,,,https://www.jw.org/finder?srcid=jwlshare&wtlocale=E&prefer=lang&docid=1102014241&par=139,Historical
3,1881,2,16,,,Zion’s Watch Tower Tract Society formed,,,,,,https://www.jw.org/finder?srcid=jwlshare&wtlocale=E&prefer=lang&docid=1101993036&par=9,Historical
3,1881,4,,,,"Call for 1,000 preachers",,,,,,https://www.jw.org/finder?srcid=jwlshare&wtlocale=E&prefer=lang&docid=1102014241&par=144,Historical
3,1881,,,,,Brothers in the US invited to meet together in a private home in Allegheny for the Memorial,,,,,,https://www.jw.org/finder?srcid=jwlshare&wtlocale=E&prefer=lang&docid=2023245&par=15,Historical
3,1882,,,,,Refutation of Trinity,,,,,,https://www.jw.org/finder?srcid=jwlshare&wtlocale=E&prefer=lang&docid=1102014241&par=147,Historical
3,1883,,,,,Watch Tower reaches China. Former Presbyterian missionary soon begins to witness to others there,,,,,,https://www.jw.org/finder?srcid=jwlshare&wtlocale=E&prefer=lang&docid=1101993046&par=14,Historical
3,1884,,,,,Food for Thinking Christians reaches Liberia (Africa). Zion’s Watch Tower Tract Society is legally chartered in Pennsylvania. Officially recorded on December 15,,,,,,https://www.jw.org/finder?srcid=jwlshare&wtlocale=E&prefer=lang&docid=1101993046&par=15,Historical
3,1885,,,,,"Watch Tower publications are already being read by some people in North and South America, Europe, Africa and Asia",,,,,,https://www.jw.org/finder?srcid=jwlshare&wtlocale=E&prefer=lang&docid=1101993046&par=17,Historical
3,1886,,,,,"The Divine Plan of the Ages is published, the first volume of the series Millennial Dawn (later known as Studies in the Scriptures)",,,,,,https://www.jw.org/finder?srcid=jwlshare&wtlocale=E&prefer=lang&docid=1101993046&par=18,Historical
3,1889,,,,,The Bible House is built on Arch Street in Allegheny (Pennsylvania) as headquarters for the Society,,,,,,https://www.jw.org/finder?srcid=jwlshare&wtlocale=E&prefer=lang&docid=1101993046&par=19,Historical
3,1890,,,,,First place of worship constructed,,,,,,https://www.jw.org/finder?srcid=jwlshare&wtlocale=E&prefer=lang&docid=1102014258&par=10,Historical
3,1891,4,19,,,"First gathering of Bible Students that they call a convention, in Allegheny, Pennsylvania (April 19-25)",,,,,,https://www.jw.org/finder?srcid=jwlshare&wtlocale=E&prefer=lang&docid=1101993046&par=20,Historical
3,1894,,,,,Traveling overseers that in time came to be known as pilgrims are sent out to visit congregations,,,,,,https://www.jw.org/finder?srcid=jwlshare&wtlocale=E&prefer=lang&docid=1101993046&par=21,Historical
3,1895,11,15,,,First elder arrangement,,,,,,https://www.jw.org/finder?srcid=jwlshare&wtlocale=E&prefer=lang&docid=1102014251&par=7,Historical
3,1896,,,,,Name changes from Zion’s Watch Tower Tract Society to Watch Tower Bible and Tract Society,,,,,,https://www.jw.org/finder?srcid=jwlshare&wtlocale=E&prefer=lang&docid=1102014247&par=19,Historical
4,1900,,,,,"First branch office is opened in London, England. Witnessing by Bible Students has been done in 28 countries and message they preach has reached 13 other lands",,,,,,https://www.jw.org/finder?srcid=jwlshare&wtlocale=E&prefer=lang&docid=1101993046&par=22,Historical
3,1903,,,,,Russell-Eaton debates. Russell’s lectures appear regularly in newspapers,,,,,,https://www.jw.org/finder?srcid=jwlshare&wtlocale=E&prefer=lang&docid=1102014246&par=8,Historical
3,1903,,,,,Intense house-to-house distribution of free tracts on Sundays (earlier much of the tract distribution was done on streets near churches,,,,,,https://www.jw.org/finder?srcid=jwlshare&wtlocale=E&prefer=lang&docid=1101993046&par=24,Historical
3,1903,,,,,Second branch office established in Germany,,,,,,https://www.jw.org/finder?srcid=jwlshare&wtlocale=E&prefer=lang&docid=1102014258&par=52,Historical
3,1904,,,,,Third branch office established in Australia,,,,,,https://www.jw.org/finder?srcid=jwlshare&wtlocale=E&prefer=lang&docid=1102014258&par=52,Historical
3,1904,,,,,"Sermons by C.T. Russell begin to appear regularly in newspapers. Within a decade they are being printed by about 2,000 papers",,,,,,https://www.jw.org/finder?srcid=jwlshare&wtlocale=E&prefer=lang&docid=1101993046&par=25,Historical
4,1905,,,,,Nathan Knorr,1977,6,8,,,https://www.jw.org/finder?srcid=jwlshare&wtlocale=E&prefer=lang&docid=1101993010&par=11,Person
3,1909,1,30,,,Watch Tower Society moves headquarters to Brooklyn (January 31),,,,,,https://www.jw.org/finder?srcid=jwlshare&wtlocale=E&prefer=lang&docid=1101993046&par=26,Historical
3,1910,,,,,name International Bible Students Association used,,,,,,https://www.jw.org/finder?srcid=jwlshare&wtlocale=E&prefer=lang&docid=1102014241&par=173,Historical
3,1912,,,,,Work begins on ‘Photo-Drama of Creation’,,,,,,https://www.jw.org/finder?wtlocale=E&docid=1101993006&srctype=wol&srcid=share&par=80,Historical
3,1914,1,11,,,‘Photo-Drama of Creation’ first shown,,,,,,https://www.jw.org/finder?srcid=jwlshare&wtlocale=E&prefer=lang&docid=1102014241&par=177,Historical
3,1914,6,30,,,International Bible Students Association incorporated,,,,,,https://www.jw.org/finder?srcid=jwlshare&wtlocale=E&prefer=lang&docid=1101993018&par=236,Historical
4,1914,7,28,,,World War I,,,,,,https://www.jw.org/finder?srcid=jwlshare&wtlocale=E&prefer=lang&docid=2009525&par=3,War
4,1914,7,28,,,World War I,1918,11,11,,,https://www.jw.org/finder?srcid=jwlshare&wtlocale=E&prefer=lang&docid=2009525&par=3,War
6,1914,10,1,,,Appointed times of the nations ended,,,,,,https://www.jw.org/finder?srcid=jwlshare&wtlocale=E&prefer=lang&docid=1200000316&par=18,Historical
4,1914,12,,,,1260 days (Rev. 11:3). Anointed Christians dressed in sackcloth,1918,6,,,,https://www.jw.org/finder?srcid=jwlshare&wtlocale=E&prefer=lang&docid=1101999028&par=40,Period
4,1852,2,16,,,C.T. Russell,1916,10,31,,,https://www.jw.org/finder?srcid=jwlshare&wtlocale=E&prefer=lang&docid=1101993046&par=30,Person
3,1917,1,6,,,Rutherford elected president of Watch Tower Society,,,,,,https://www.jw.org/finder?srcid=jwlshare&wtlocale=E&prefer=lang&docid=1101993007&par=22,Historical
3,1917,7,17,,,Opposition to Rutherford,,,,,,https://www.jw.org/finder?srcid=jwlshare&wtlocale=E&prefer=lang&docid=1101993007&par=34,Historical
3,1917,7,17,,,The Finished Mystery released,,,,,,https://www.jw.org/finder?srcid=jwlshare&wtlocale=E&prefer=lang&docid=1101993007&par=34,Historical
3,1918,6,16,,,8 brothers of the Society in prison,1919,3,25,,,https://www.jw.org/finder?wtlocale=E&docid=2012447&srctype=wol&srcid=share&par=11,Period
3,1919,3,25,,,"8 brothers of the Society released (officially from May 7, 1918 - March 25, 1919)",,,,,,https://www.jw.org/finder?wtlocale=E&docid=1101973023&srctype=wol&srcid=share&par=13,Historical
3,1919,10,1,,,Golden Age released,,,,,,https://www.jw.org/finder?srcid=jwlshare&wtlocale=E&prefer=lang&docid=1101993018&par=34,Historical
3,1919,12,,,,Bulletin first published,,,,,,https://www.jw.org/finder?srcid=jwlshare&wtlocale=E&prefer=lang&docid=1102014241&par=48,Historical
4,1920,1,16,,,League of Nations established,,,,,,https://www.jw.org/finder?srcid=jwlshare&wtlocale=E&prefer=lang&docid=1986081&par=22,Historical
3,1920,,,,,"Watch Tower Society undertakes its own printing operations, in Brooklyn",,,,,,https://www.jw.org/finder?srcid=jwlshare&wtlocale=E&prefer=lang&docid=1101993046&par=41,Historical
3,1921,,,,,Book ‘The Harp of God’ released,,,,,,https://www.jw.org/finder?srcid=jwlshare&wtlocale=E&prefer=lang&docid=2023404&par=24,Historical
3,1922,,,,,Watch Tower studies begin in congregations,,,,,,https://www.jw.org/finder?srcid=jwlshare&wtlocale=E&prefer=lang&docid=1102014255&par=16,Historical
3,1922,,,,,"Cedar Point (Ohio) convention ‘Advertise, advertise, advertise the King and his Kingdom’",,,,,,https://www.jw.org/finder?srcid=jwlshare&wtlocale=E&prefer=lang&docid=1102014245&par=63,Historical
3,1923,,,,,Service Meeting held monthly,,,,,,https://www.jw.org/finder?srcid=jwlshare&wtlocale=E&prefer=lang&docid=1102014255&par=24,Historical
3,1924,2,24,,,WBBR radio station operational,1957,,,,,https://www.jw.org/finder?srcid=jwlshare&wtlocale=E&prefer=lang&docid=1101993008&par=145,Historical
3,1925,3,1,,,Watch Tower of March 1 shows that there are two distinct and opposing organizations - Jehovah’s and Satan’s,,,,,,https://www.jw.org/finder?srcid=jwlshare&wtlocale=E&prefer=lang&docid=1101993046&par=46,Historical
1,1925,,,,,"The Watch Tower explains that the Kingdom was born in 1914. The ‘sacred secret’ about the Kingdom must be publicized (Rev 12:1-5, 10, 17)",,,,,,https://www.jw.org/finder?srcid=jwlshare&wtlocale=E&prefer=lang&docid=1997403&par=64,Sacred secret
3,1926,,,,,House-to-house preaching with books on Sunday is encouraged,,,,,,https://www.jw.org/finder?srcid=jwlshare&wtlocale=E&prefer=lang&docid=1101993046&par=47,Historical
3,1928,,,,,"Bible students are arrested in New Jersey (U.S.A.) for distributing literature as part of their house-to-house preaching. Within a decade, there are over 500 such arrests per year in U.S.A.",,,,,,https://www.jw.org/finder?srcid=jwlshare&wtlocale=E&prefer=lang&docid=1101993046&par=48,Historical
3,1928,,,,,Workers’ Meetings (Service Meetings) held weekly,,,,,,https://www.jw.org/finder?srcid=jwlshare&wtlocale=E&prefer=lang&docid=1102014255&par=24,Historical
3,1928,,,,,Christmas is understood to be a pagan celebration,,,,,,https://www.jw.org/finder?srcid=jwlshare&wtlocale=E&prefer=lang&docid=2023404&par=51,Historical
3,1931,7,26,,,"Adoption of name Jehovah’s Witnesses (convention in Columbus, Ohio)",,,,,,https://www.jw.org/finder?srcid=jwlshare&wtlocale=E&prefer=lang&docid=1101993046&par=49,Historical
3,1932,,,,,Service committees elected,,,,,,https://www.jw.org/finder?srcid=jwlshare&wtlocale=E&prefer=lang&docid=1102014251&par=77,Historical
3,1932,,,,,Election of elders eliminated,,,,,,https://www.jw.org/finder?srcid=jwlshare&wtlocale=E&prefer=lang&docid=1102014251&par=77,Historical
3,1933,,,,,Sound cars and testimony cards used in field ministry,,,,,,https://www.jw.org/finder?srcid=jwlshare&wtlocale=E&prefer=lang&docid=1102014247&par=11,Historical
3,1934,,,,,Portable phonographs are used by Witnesses,,,,,,https://www.jw.org/finder?srcid=jwlshare&wtlocale=E&prefer=lang&docid=1101993046&par=54,Historical
3,1934,10,7,,,Witnesses send letters to Hitler,,,,,,https://www.jw.org/finder?srcid=jwlshare&wtlocale=E&prefer=lang&docid=1101993022&par=51,Historical
3,1935,5,31,,,"Great crowd clearly identified at convention in Washington D.C. (May 31, 1935)",,,,,,https://www.jw.org/finder?srcid=jwlshare&wtlocale=E&prefer=lang&docid=1995084&par=3,Historical
3,1935,,,,,Term ‘Kingdom Hall’ first used,,,,,,https://www.jw.org/finder?srcid=jwlshare&wtlocale=E&prefer=lang&docid=1102014258&par=10,Historical
3,1936,,,,,The use of the cross is gradually discontinued,,,,,,https://www.jw.org/finder?srcid=jwlshare&wtlocale=E&prefer=lang&docid=2023404&par=51,Historical
3,1938,,,,,Signs ‘Religion Is a Snare and a Racket’,,,,,,https://www.jw.org/finder?srcid=jwlshare&wtlocale=E&prefer=lang&docid=1101993035&par=47,Historical
3,1937,,,,,Special pioneer arrangement starts with 200,,,,,,https://www.jw.org/finder?wtlocale=E&docid=101977191&srctype=wol&srcid=share&par=31,Historical
2,1938,9,11,,,"J. F. Rutherford delivering the lecture ‘Face the Facts,’ at the Royal Albert Hall, in London, England. More than 10,000 jammed the auditorium, while millions more heard by radio",,,,,,https://www.jw.org/finder?wtlocale=E&docid=1101993008&srctype=wol&srcid=share&par=149,Historical
3,1938,,,,,The election of elders is discontinued,,,,,,https://www.jw.org/finder?srcid=jwlshare&wtlocale=E&prefer=lang&docid=2023404&par=51,Historical
3,1939,,,,,Throughout British Empire and British Commonwealth 23 nations ban Jehovah’s Witnesses or place prohibitions on literature,1945,,,,,https://www.jw.org/finder?srcid=jwlshare&wtlocale=E&prefer=lang&docid=1101993046&par=62,Historical
4,1939,9,1,,,World War II,,,,,,https://nl.wikipedia.org/wiki/Tweede_Wereldoorlog,War
4,1939,9,1,,,World War II,1945,9,2,,,https://nl.wikipedia.org/wiki/Tweede_Wereldoorlog,War
4,1941,,,,,"Active Witnesses pass the 100,000 mark, despite World War II",,,,,,https://www.jw.org/finder?srcid=jwlshare&wtlocale=E&prefer=lang&docid=1101993046&par=65,Historical
4,1941,,,,,Archaeologists find evidence that supports the Biblical report about Mordecai,,,,,,https://www.jw.org/finder?srcid=jwlshare&wtlocale=E&prefer=lang&docid=2022647&par=4,Archeology
3,1942,1,13,,,N. Knorr president of Society,,,,,,https://www.jw.org/finder?srcid=jwlshare&wtlocale=E&prefer=lang&docid=1101993009&par=8,Person
3,1942,9,20,,,Association of nations foretold to rise again,,,,,,https://www.jw.org/finder?srcid=jwlshare&wtlocale=E&prefer=lang&docid=1101993016&par=29,Historical
3,1942,10,1,,,Watch Tower publications anonymous,,,,,,https://www.jw.org/finder?srcid=jwlshare&wtlocale=E&prefer=lang&docid=1101993012&par=113,Historical
3,1943,2,1,,,Gilead School opens,,,,,,https://www.jw.org/finder?srcid=jwlshare&wtlocale=E&prefer=lang&docid=1102014256&par=16,Historical
3,1943,4,17,,,Course in Theocratic Ministry introduced,,,,,,https://www.jw.org/finder?srcid=jwlshare&wtlocale=E&prefer=lang&docid=1102014255&par=21,Historical
3,1945,,,,,The sanctity of blood is clarified,,,,,,https://www.jw.org/finder?srcid=jwlshare&wtlocale=E&prefer=lang&docid=2023404&par=51,Historical
3,1945,10,1,,,Society’s board of directors is no longer selected by voters who qualify because of monetary donations,,,,,,https://www.jw.org/finder?srcid=jwlshare&wtlocale=E&prefer=lang&docid=1101993046&par=74,Historical
3,1945,10,24,,,United Nations established,,,,,,https://www.jw.org/finder?srcid=jwlshare&wtlocale=E&prefer=lang&docid=1101993009&par=31,Historical
3,1947,,,,,"Number of congregations worldwide exceeds 10,000",,,,,,https://www.jw.org/finder?srcid=jwlshare&wtlocale=E&prefer=lang&docid=1101993046&par=81,Historical
3,1947,,,,,"In Quebec, Canada, 1,700 cases involving the evangelizing work of Jehovah’s Witnesses are pending in the courts",,,,,,https://www.jw.org/finder?wtlocale=E&docid=1101993046&srctype=wol&srcid=share&par=80,Historical
3,1950,,,,,New World Translation restores the divine name to its proper place,,,,,,https://www.jw.org/finder?srcid=jwlshare&wtlocale=E&prefer=lang&docid=1102001033&par=15,Historical
3,1950,8,2,,,New World Translation of the Christian Greek Scriptures is released in English,,,,,,https://www.jw.org/finder?srcid=jwlshare&wtlocale=E&prefer=lang&docid=1101993046&par=82,Historical
3,1952,,,,,The need for disfellowshipping is emphasized,,,,,,https://www.jw.org/finder?srcid=jwlshare&wtlocale=E&prefer=lang&docid=2023404&par=51,Historical
3,1953,9,1,,,An extensive program of training of Jehovah’s Witnesses in house-to-house preaching begins,,,,,,https://www.jw.org/finder?srcid=jwlshare&wtlocale=E&prefer=lang&docid=1101993046&par=83,Historical
3,1956,,,,,The sanctity of marriage is clarified,,,,,,https://www.jw.org/finder?srcid=jwlshare&wtlocale=E&prefer=lang&docid=2023404&par=51,Historical
3,1957,,,,,WBBR sold,,,,,,https://www.jw.org/finder?wtlocale=E&docid=1101993035&srctype=wol&srcid=share&par=66,Historical
3,1958,,,,,"Divine Will International Assembly, in New York, draws attendance of 253,922 from 123 lands. 7,136 baptized ",,,,,,https://www.jw.org/finder?srcid=jwlshare&wtlocale=E&prefer=lang&docid=1101993046&par=85,Historical
3,1959,3,9,,,"First sessions of Kingdom Ministry School at South Lansing (New York), designed for congregation overseers and traveling overseers",,,,,,https://www.jw.org/finder?srcid=jwlshare&wtlocale=E&prefer=lang&docid=1101993046&par=86,Historical
3,1960,,,,,"For the first time, Bethel provided congregations with printed invitations for the Memorial",,,,,,https://www.jw.org/finder?srcid=jwlshare&wtlocale=E&prefer=lang&docid=2023245&par=15,Historical
3,1961,,,,,New World Translation released in English,,,,,,https://www.jw.org/finder?srcid=jwlshare&wtlocale=E&prefer=lang&docid=1102014255&par=87,Historical
3,1961,,,,,Archaeologists find stone slab with Pilate’s name in Latin,,,,,,https://www.jw.org/finder?srcid=jwlshare&wtlocale=E&prefer=lang&docid=2015121&par=11,Historical
3,1963,,,,,"New World Translation of the Christian Greek Scriptures is released in Dutch, French, German, Italian, Portuguese and Spanish",,,,,,https://www.jw.org/finder?srcid=jwlshare&wtlocale=E&prefer=lang&docid=2015921&par=28,Historical
3,1965,,,,,First Assembly Hall (New York),,,,,,https://www.jw.org/finder?srcid=jwlshare&wtlocale=E&prefer=lang&docid=1101993046&par=91,Historical
3,1967,,,,,Waves of prolonged and savage persecution of Jehovah’s Witnesses sweep across Malawi and continue for years thereafter,,,,,,https://www.jw.org/finder?srcid=jwlshare&wtlocale=E&prefer=lang&docid=1101993046&par=92,Historical
3,1969,,,,,Home Bible studies exceed a million,,,,,,https://www.jw.org/finder?srcid=jwlshare&wtlocale=E&prefer=lang&docid=1101993046&par=93,Historical
3,1971,10,1,,,Governing Body is enlarged. Chairmanship begins to rotate among its members on an annual basis,,,,,,https://www.jw.org/finder?srcid=jwlshare&wtlocale=E&prefer=lang&docid=1101993046&par=94,Historical
3,1972,10,1,,,"Congregations of Jehovah’s Witnesses come under local supervision of body of elders, instead of one person",,,,,,https://www.jw.org/finder?srcid=jwlshare&wtlocale=E&prefer=lang&docid=2023404&par=51,Historical
3,1973,,,,,The use of tobacco is understood to be a serious wrongdoing,,,,,,https://www.jw.org/finder?srcid=jwlshare&wtlocale=E&prefer=lang&docid=2023404&par=51,Historical
4,1974,,,,,Publishers worldwide exceed 2 million,,,,,,https://www.jw.org/finder?srcid=jwlshare&wtlocale=E&prefer=lang&docid=1101993046&par=96,Historical
4,1975,,,,,"6,000 years of human history",,,,,,https://www.jw.org/finder?srcid=jwlshare&wtlocale=E&prefer=lang&docid=1101993009&par=71,Historical
3,1976,1,1,,,Governing Body reorganized into 6 committees,,,,,,https://www.jw.org/finder?srcid=jwlshare&wtlocale=E&prefer=lang&docid=1101993046&par=98,Historical
3,1976,2,1,,,Branch offices come under supervision of a committee instead of one overseer,,,,,,https://www.jw.org/finder?srcid=jwlshare&wtlocale=E&prefer=lang&docid=1101993046&par=98,Historical
3,1976,,,,,Instruction is given as to the types of employment that are acceptable for Christians,,,,,,https://www.jw.org/finder?srcid=jwlshare&wtlocale=E&prefer=lang&docid=2023404&par=51,Historical
3,1977,,,,,Pioneer Service School begins,,,,,,https://www.jw.org/finder?srcid=jwlshare&wtlocale=E&prefer=lang&docid=1101993046&par=99,Historical
3,1981,,,,,Public talks based on outlines,,,,,,https://www.jw.org/finder?srcid=jwlshare&wtlocale=E&prefer=lang&docid=1102014255&par=15,Historical
3,1984,,,,,Home Bible studies exceed two million,,,,,,https://www.jw.org/finder?srcid=jwlshare&wtlocale=E&prefer=lang&docid=1101993046&par=100,Historical
3,1986,,,,,Regional Building Committees appointed,,,,,,https://www.jw.org/finder?srcid=jwlshare&wtlocale=E&prefer=lang&docid=1101993046&par=103,Historical
3,1987,,,,,Ministerial Training School begins,,,,,,https://www.jw.org/finder?srcid=jwlshare&wtlocale=E&prefer=lang&docid=1101993010&par=29,Historical
3,1989,11,9,,,Berlin Wall falls,,,,,,https://www.jw.org/finder?srcid=jwlshare&wtlocale=E&prefer=lang&docid=301992018&par=3,Historical
3,1990,,,,,Literature offered without charge,,,,,,https://www.jw.org/finder?srcid=jwlshare&wtlocale=E&prefer=lang&docid=1102014257&par=28,Historical
3,1990,11,,,,Discovery of Caiaphas’ burial cave (high priest from 18 to 36 C.E.),,,,,,https://www.jw.org/finder?srcid=jwlshare&wtlocale=E&prefer=lang&docid=2006043&par=2,Historical
3,1991,,,,,"Bans lifted in Eastern Europe and Africa make it easier to reach 390,000,000 more people",,,,,,https://www.jw.org/finder?srcid=jwlshare&wtlocale=E&prefer=lang&docid=1101993046&par=109,Historical
4,1893,9,12,,,Brother F.W. Franz,1992,12,22,,,https://www.jw.org/finder?srcid=jwlshare&wtlocale=E&prefer=lang&docid=1993207&par=2,Person
3,1997,,,,,www.watchtower.org available,,,,,,https://www.jw.org/finder?srcid=jwlshare&wtlocale=E&prefer=lang&docid=1102014246&par=25,Historical
3,1999,,,,,Program for the construction of Kingdom Halls in developing lands,,,,,,https://www.jw.org/finder?srcid=jwlshare&wtlocale=E&prefer=lang&docid=1102014258&par=14,Historical
3,2000,,,,,The use of blood fractions is discussed in detail,,,,,,https://www.jw.org/finder?srcid=jwlshare&wtlocale=E&prefer=lang&docid=2023404&par=51,Historical
3,2001,9,11,,,Twin Towers destroyed,,,,,,https://www.jw.org/finder?srcid=jwlshare&wtlocale=E&prefer=lang&docid=302003002&par=11,Historical
3,2002,6,17,,,U.S. Supreme Court upholds right to preach without permit,,,,,,https://www.jw.org/finder?srcid=jwlshare&wtlocale=E&prefer=lang&docid=1102014252&par=132,Historical
3,2012,,,,,The seriousness of viewing abhorrent forms of pornography is clearly emphasized,,,,,,https://www.jw.org/finder?srcid=jwlshare&wtlocale=E&prefer=lang&docid=2023404&par=51,Historical
3,2008,1,1,,,The Watchtower begins public and study editions,,,,,,https://www.jw.org/finder?srcid=jwlshare&wtlocale=E&prefer=lang&docid=2008000&par=11,Historical
3,2008,1,1,,,Public talks reduced to 30 minutes,,,,,,https://www.jw.org/finder?srcid=jwlshare&wtlocale=E&prefer=lang&docid=1102014255&par=15,Historical
4,2009,1,1,,,Evening for family worship established (instead of Congregation Book Study),,,,,,https://www.jw.org/finder?srcid=jwlshare&wtlocale=E&prefer=lang&docid=1102014255&par=59,Historical
3,2009,1,1,,,Congregation Bible Study becomes part of Theocratic Ministry School and the Service Meeting,,,,,,https://www.jw.org/finder?srcid=jwlshare&wtlocale=E&prefer=lang&docid=1102014255&par=59,Historical
3,2010,10,2,,,Bible School for Single Brothers (instead of Ministerial Training School),,,,,,https://www.jw.org/finder?wtlocale=E&docid=302012017&srctype=wol&srcid=share&par=20,Historical
3,2011,7,,,,Bible School for Christian Couples begins,,,,,,https://www.jw.org/finder?srcid=jwlshare&wtlocale=E&prefer=lang&docid=2012686&par=74,Historical
3,2011,11,,,,Special metropolitan witnessing with displays and literature begins,,,,,,https://www.jw.org/finder?wtlocale=E&docid=202013245&srctype=wol&srcid=share&par=3,Historical
3,2012,8,27,,,Redesigned jw.org website,,,,,,https://www.jw.org/finder?wtlocale=E&docid=2013002&srctype=wol&srcid=share&par=5,Historical
4,2013,10,,,,LDC arrangement established,,,,,,https://www.jw.org/finder?wtlocale=E&docid=302015053&srctype=wol&srcid=share&par=3,Historical
3,2014,10,6,,,JW Broadcasting launched,,,,,,https://www.jw.org/finder?wtlocale=E&docid=302016046&srctype=wol&srcid=share&par=3,Historical
3,2015,,,,,School for Kingdom Evangelizers created (instead of Bible School for Christian Couples),,,,,,https://www.jw.org/finder?srcid=jwlshare&wtlocale=E&prefer=lang&docid=2017321&par=29,Historical
3,2017,5,27,,,New World Translation released in Dutch,,,,,,https://wol.jw.org/nl/wol/d/r18/lp-o/1102014481,Historical
3,2018,,,,,Public magazines to be issued three times a year,,,,,,https://www.jw.org/finder?wtlocale=E&docid=202020449&srctype=wol&srcid=share&par=3,Historical
3,2018,,,,,Life and Ministry Meeting,,,,,,https://www.jw.org/finder?wtlocale=E&docid=302017039&srctype=wol&srcid=share&par=3,Historical
6,-4026,,,,,Adam,,,,,,https://www.jw.org/finder?srcid=jwlshare&wtlocale=E&prefer=lang&docid=1200000089&par=7,Historical
4,1881,,,,,Zion’s Watch Tower promotes the ministry,,,,,,https://www.jw.org/finder?wtlocale=E&docid=2020408&srctype=wol&srcid=share&par=14,Historical
5,-2,10,1,,,Jesus ,33,3,29,15,,https://www.jw.org/finder?srcid=jwlshare&wtlocale=E&prefer=lang&docid=1200002451&par=34,Person
5,1870,,,,,Great Britain king of the south,1917,,,,,https://www.jw.org/finder?wtlocale=E&docid=2020400&srctype=wol&srcid=share&par=14,Period South
5,1871,,,,,Germany king of the north,1945,,,,,https://www.jw.org/finder?wtlocale=E&docid=2020400&srctype=wol&srcid=share&par=17,Period North
5,1917,,,,,Anglo-American alliance king of the south,2026,10,1,7,,https://www.jw.org/finder?wtlocale=E&docid=1101999035&srctype=wol&srcid=share&par=19,Period South
5,1945,,,,,Soviet Union and its allies king of the north,1991,,,,,https://wol.jw.org/en/wol/d/r1/lp-e/2020408,Period North
5,1991,,,,,Russia and its allies king of the north,2026,10,1,7,,https://www.jw.org/finder?wtlocale=E&docid=2020401&srctype=wol&srcid=share&par=9,Period North
5,1920,1,16,,,League of Nations,1940,,,,,https://www.jw.org/finder?wtlocale=E&docid=2022480&srctype=wol&srcid=share&par=21,Period
5,1945,10,24,,,United Nations,2026,10,1,7,,https://www.jw.org/finder?wtlocale=E&docid=2022480&srctype=wol&srcid=share&par=21,Period
3,1991,,,,,Relief from persecution when the Soviet Union collapsed: ‘they will be given a little help’ (Dan. 11:34),,,,,,https://www.jw.org/finder?wtlocale=E&docid=1102022210&srctype=wol&srcid=share&par=52,Historical
4,1919,1,,,,1290 days (Dan. 12:11),1922,9,,,,https://www.jw.org/finder?srcid=jwlshare&wtlocale=E&prefer=lang&docid=1101999037&par=30,Period
4,1922,9,,,,1335 days (Dan. 12:12),1926,5,,,,https://www.jw.org/finder?wtlocale=E&docid=1101999037&srctype=wol&srcid=share&par=87,Period
4,2020,3,11,,,COVID-19 becomes pandemic,,,,,,https://www.who.int/director-general/speeches/detail/who-director-general-s-opening-remarks-at-the-media-briefing-on-covid-19---11-march-2020,Pestilence
4,2020,3,11,,,COVID-19 pandemice,2022,10,1,,1440,https://www.who.int/director-general/speeches/detail/who-director-general-s-opening-remarks-at-the-media-briefing-on-covid-19---11-march-2020,Pestilence
3,2020,3,,,,"Meetings and field service worldwide via videoconference, phone or letters",,,,,,,Pestilence
3,2022,4,1,,,"Meetings in person (with mask) hybrid, field service still via phone or letters",,,,,,,Pestilence
3,2022,2,24,,,Russia starts war with Ukraine ,,,,,,https://www.jw.org/finder?wtlocale=E&docid=501100038&srctype=wol&srcid=share&par=3,Historical
4,2022,2,24,,,War between Russia and Ukraine ,2026,10,1,7,,https://www.jw.org/finder?wtlocale=E&docid=501100038&srctype=wol&srcid=share&par=3,War
3,2022,9,1,,,Field service in person again,,,,,,,Pestilence
3,2022,10,1,,,Meetings in person without mask,,,,,,,Pestilence
3,2023,1,6,,,"Hour requirement of special, regular and auxiliary pioniers lowered to 100/90, 50, 30/15",,,,,,https://www.jw.org/nl/bibliotheek/videos/#nl/mediaitems/StudioNewsReports/docid-702023003_1_VIDEO,Historical
3,2023,10,7,,,Clarification on opportunity to side with Jehovah’s people even after Babylon the Great is destroyed,,,,,,https://www.jw.org/finder?srcid=jwlshare&wtlocale=E&prefer=lang&docid=2024406&par=7,Annual Meeting
3,2023,10,7,,,Adjusted approaches to the ministry (Love People),,,,,,https://www.jw.org/en/library/videos/#en/mediaitems/VODPgmEvtAnnMtg/pub-jwb-108_1_VIDEO,Annual Meeting
4,2023,10,7,,,War between Hamas and Israel,2025,10,10,,,https://en.wikipedia.org/wiki/2023_Israel–Hamas_war,War
3,2023,11,1,,,No field service hours reporting anymore for publishers,,,,,,https://www.jw.org/en/library/videos/#en/mediaitems/VODPgmEvtAnnMtg/pub-jwb-108_1_VIDEO,Historical
3,2023,12,15,14,,Clarification with regard to wearing of a beard,,,,,,https://www.jw.org/en/news/region/global/2023-Governing-Body-Update-8/,Historical
3,2024,3,15,14,,Adjustment on treating a person who has been removed from the congregation and our standard of dress,,,,,,https://www.jw.org/en/news/region/global/2024-Governing-Body-Update-2/,Historical
3,2024,10,5,,,"Bethel service minimum age: 18, SKE minimum age: 21",,,,,,,Historical
3,2024,10,5,,,Governing Body now consists of 11 members,,,,,,https://www.jw.org/en/jehovahs-witnesses/faq/governing-body-jw-helpers/,Historical
3,2024,10,5,,,"Clarification on Revelation 17:13, 17 - give power and authority to UN.",,,,,,https://www.jw.org/finder?srcid=jwlshare&wtlocale=E&prefer=lang&docid=2025646,Update
3,2025,7,5,,,Adjustment on toasting/clinking glasses,,,,,,https://www.jw.org/en/library/videos/#en/mediaitems/StudioNewsReports/docid-1112024035_1_VIDEO,Update
3,2025,8,22,,,Adjustment on our view on secular education,,,,,,https://www.jw.org/finder?srcid=jwlshare&wtlocale=E&lank=docid-1112024036_1_VIDEO,Update
3,2025,10,4,,,"Clarified belief on Psalms 91:1, 2, 12",,,,,,,Annual Meeting
3,2026,2,28,,,War between US and Israel versus Iran,2026,10,1,7,,https://en.wikipedia.org/wiki/2026_Iran_war,War
3,2026,3,20,,,Clarification on the medical use of one’s own blood,,,,,,https://www.jw.org/finder?srcid=jwlshare&wtlocale=E&lank=docid-1112024049_1_VIDEO,Update
