DISPLAY ON LEVEL (0 to 6),YEAR,MONTH,DAY,HOUR,UNCERTAINTY (in hours),EVENT,STOPYEAR,STOPMONTH,STOPDAY,STOPHOUR,STOPUNCERTAINTY (in hours),,KEYWORD
6,-4026,10,1,,2160,아담,-3096,,,,,https://www.jw.org/finder?srcid=jwlshare&wtlocale=E&prefer=lang&docid=1101990130&par=39,Person
4,-3979,,,,155520,하느님께서 사탄의 일을 산산이 부술 씨를 일으키겠다고 약속하시다 (Gen 3:15),,,,,,https://www.jw.org/finder?srcid=jwlshare&wtlocale=E&prefer=lang&docid=1997402&par=10,Sacred secret
4,-3976,,,,432000,하와,,,,,,https://www.jw.org/finder?wtlocale=E&docid=1102017162&srctype=wol&srcid=share&par=9,Person
5,-3961,,,,302400,아벨,-3897,,,,,https://www.jw.org/finder?srcid=jwlshare&wtlocale=E&prefer=lang&docid=1102017162&par=9,Person
6,-3896,,,,,셋,-2984,,,,,https://www.jw.org/finder?srcid=jwlshare&wtlocale=E&prefer=lang&docid=1200003911&par=3,Person
6,-3791,,,,,에노스,-2886,,,,,https://www.jw.org/finder?srcid=jwlshare&wtlocale=E&prefer=lang&docid=1200001372&par=3,Person
6,-3701,,,,,게난,-2791,,,,,https://www.jw.org/finder?srcid=jwlshare&wtlocale=E&prefer=lang&docid=1200002588&par=3,Person
6,-3631,,,,,마할랄렐,-2736,,,,,https://www.jw.org/finder?srcid=jwlshare&wtlocale=E&prefer=lang&docid=1200002839&par=3,Person
6,-3566,,,,,야렛,-2604,,,,,https://www.jw.org/finder?srcid=jwlshare&wtlocale=E&prefer=lang&docid=1200002329&par=3,Person
6,-3404,,,,,에녹,-3039,,,,,https://www.jw.org/finder?srcid=jwlshare&wtlocale=E&prefer=lang&docid=2001688&par=3,Person
6,-3339,,,,,므두셀라,-2370,,,,,https://www.jw.org/finder?srcid=jwlshare&wtlocale=E&prefer=lang&docid=1200003022&par=3,Person
6,-3152,,,,,라멕,-2385,,,,,https://www.jw.org/finder?srcid=jwlshare&wtlocale=E&prefer=lang&docid=1101990130&par=261,Person
6,-3096,,,,,아담 죽다,,,,,,https://www.jw.org/finder?srcid=jwlshare&wtlocale=E&prefer=lang&bible=01005005&pub=nwtsty,Person
5,-3039,,,,,에녹 transferred,,,,,,https://www.jw.org/finder?wtlocale=E&docid=1101990130&srctype=wol&srcid=share&par=263,Person
6,-2970,,,,,노아,-2070,,,,,https://www.jw.org/finder?srcid=jwlshare&wtlocale=E&prefer=lang&docid=1200003266&par=3,Person
4,-2490,,,,,여호와께서 사람의 날이 120년이 될 것이라고 선언하시다 (deluge 후),,,,,,https://www.jw.org/finder?srcid=jwlshare&wtlocale=E&prefer=lang&docid=1200003266&par=5,Historical
4,-2470,,,,,야벳,,,,,,https://www.jw.org/finder?srcid=jwlshare&wtlocale=E&prefer=lang&docid=1200002323&par=3,Person
6,-2468,,,,,셈,-1868,,,,,https://www.jw.org/finder?srcid=jwlshare&wtlocale=E&prefer=lang&docid=1200003997&par=5,Person
5,-2468,,,,,셈,,,,,,https://www.jw.org/finder?srcid=jwlshare&wtlocale=E&prefer=lang&docid=1200003997&par=5,Person
4,-2445,,,,120000,함,,,,,,https://www.jw.org/finder?srcid=jwlshare&wtlocale=E&prefer=lang&docid=1200003266&par=5,Person
5,-2415,,,,62400,노아와 가족이 방주를 만들다,-2372,,,,17280,https://www.jw.org/finder?srcid=jwlshare&wtlocale=E&prefer=lang&docid=1200003266&par=5,Historical
4,-2370,,,,,므두셀라 죽다,,,,,,https://www.jw.org/finder?srcid=jwlshare&wtlocale=E&prefer=lang&docid=1200003022&par=3,Person
6,-2370,11,1,,,Floodwaters fall,,,,,,https://www.jw.org/finder?srcid=jwlshare&wtlocale=E&prefer=lang&docid=1200001150&par=2,Historical
3,-2370,10,24,,,여호와께서 7일 후에 비가 내리게 하겠다고 말씀하시다 (Gen 7:4).,,,,,,https://www.jw.org/finder?srcid=jwlshare&wtlocale=E&prefer=lang&bible=01007004&pub=nwtsty,Historical
3,-2370,10,24,,,노아와 가족이 방주 안에 있다,-2369,11,,,,https://www.jw.org/finder?srcid=jwlshare&wtlocale=E&prefer=lang&bible=01007010&pub=nwtsty,Period
4,-2370,12,10,,,비가 그치다,,,,,,https://www.jw.org/finder?srcid=jwlshare&wtlocale=E&prefer=lang&bible=01007012&pub=nwtsty,Historical
4,-2370,11,1,,,Flood,-2370,12,10,,,https://www.jw.org/finder?srcid=jwlshare&wtlocale=E&prefer=lang&bible=01007012&pub=nwtsty,Historical
4,-2369,4,,,,방주가 아라라트 산맥에 멈추다,,,,,,https://www.jw.org/finder?srcid=jwlshare&wtlocale=E&prefer=lang&docid=2013566&par=18,Historical
4,-2369,6,,,,산봉우리들이 보이다,,,,,,https://www.jw.org/finder?srcid=jwlshare&wtlocale=E&prefer=lang&docid=2013566&par=18,Historical
4,-2369,9,,,,노아가 지붕의 일부를 열다,,,,,,https://www.jw.org/finder?srcid=jwlshare&wtlocale=E&prefer=lang&docid=2013566&par=18,Historical
4,-2369,11,,,,노아와 가족이 방주에서 나오다,,,,,,https://www.jw.org/finder?srcid=jwlshare&wtlocale=E&prefer=lang&bible=01008014&pub=nwtsty,Historical
4,-2369,11,,,,Rainbow 계약,,,,,,https://www.jw.org/finder?srcid=jwlshare&wtlocale=E&prefer=lang&bible=01009013&pub=nwtsty,Historical
4,-2368,,,,,아르박삿,-1930,,,,,https://www.jw.org/finder?srcid=jwlshare&wtlocale=E&prefer=lang&docid=1101990130&par=271,Person
4,-2333,,,,,셀라,-1900,,,,,https://www.jw.org/finder?srcid=jwlshare&wtlocale=E&prefer=lang&docid=1200003988&par=3,Person
4,-2303,,,,,에벨,-1839,,,,,https://www.jw.org/finder?srcid=jwlshare&wtlocale=E&prefer=lang&bible=01011014&pub=nwtsty,Person
4,-2269,,,,,벨렉,-2030,,,,,https://www.jw.org/finder?srcid=jwlshare&wtlocale=E&prefer=lang&docid=1200003421&par=3,Person
5,-2269,,,,432000,바벨탑,,,,,,https://www.jw.org/finder?srcid=jwlshare&wtlocale=E&prefer=lang&docid=1101990130&par=272,Historical
4,-2239,,,,,르우,-2000,,,,,https://www.jw.org/finder?srcid=jwlshare&wtlocale=E&prefer=lang&docid=1200003712&par=3,Person
4,-2207,,,,,스룩,-1977,,,,,https://www.jw.org/finder?srcid=jwlshare&wtlocale=E&prefer=lang&docid=1200003909&par=3,Person
4,-2177,,,,,나홀,-2029,,,,,https://www.jw.org/finder?srcid=jwlshare&wtlocale=E&prefer=lang&docid=1200003170&par=3,Person
4,-2148,,,,,데라,-1943,,,,,https://www.jw.org/finder?srcid=jwlshare&wtlocale=E&prefer=lang&bible=01011024&pub=nwtsty,Person
4,-2020,,,,,노아 죽다,,,,,,https://www.jw.org/finder?srcid=jwlshare&wtlocale=E&prefer=lang&bible=01009029&pub=nwtsty,Person
6,-2018,,,,,아브라함,-1843,,,,,https://www.jw.org/finder?srcid=jwlshare&wtlocale=E&prefer=lang&docid=1200000060&par=4,Person
6,-2008,,,,,사라,-1881,,,,,https://www.jw.org/finder?srcid=jwlshare&wtlocale=E&prefer=lang&docid=1200003837&par=3,Person
5,-1943,3,29,,,아브라함이 유프라테스 강을 건너다 (Abrahamic 계약),,,,,,https://www.jw.org/finder?srcid=jwlshare&wtlocale=E&prefer=lang&docid=2001604&par=18,Historical
6,-1943,3,29,,,430-년 period (Ex. 12:40),-1513,3,29,,,https://www.jw.org/finder?srcid=jwlshare&wtlocale=E&prefer=lang&docid=2016527&par=13,Period
4,-1933,,,,,롯 rescued,,,,,,https://www.jw.org/finder?wtlocale=E&docid=1951246&srctype=wol&srcid=share&par=35,Person
4,-1933,,,,,아브라함 visits 멜기세덱,,,,,,https://www.jw.org/finder?wtlocale=E&docid=1200002436&srctype=wol&srcid=share&par=18,Historical
4,-1932,,,,,이스마엘,-1795,,,,,https://www.jw.org/finder?srcid=jwlshare&wtlocale=E&prefer=lang&docid=1200002215&par=3,Person
4,-1919,,,,,할례 instituted,,,,,,https://www.jw.org/finder?srcid=jwlshare&wtlocale=E&prefer=lang&docid=1200000977&par=3,Historical
4,-1919,,,,,소돔과 고모라에 대한 심판,,,,,,https://www.jw.org/finder?srcid=jwlshare&wtlocale=E&prefer=lang&docid=1200004259&par=5,Historical
5,-1918,,,,,이삭,-1738,,,,,https://www.jw.org/finder?srcid=jwlshare&wtlocale=E&prefer=lang&docid=1200002203&par=9,Person
1,-1918,,,,,계약의 상속자로 이삭이 태어나다 Genesis 17:19 과 21:1-5),,,,,,https://www.jw.org/finder?srcid=jwlshare&wtlocale=E&prefer=lang&docid=1997403&par=53,Sacred secret
6,-1918,,,,,450-년 period (Acts 13:20),-1467,,,,,https://www.jw.org/finder?srcid=jwlshare&wtlocale=E&prefer=lang&docid=1200002203&par=9,Period
6,-1913,3,29,,,400-년 affliction upon 아브라함’s offspring (이삭 was 약 5 과 이스마엘 약 19),-1513,3,29,,,https://www.jw.org/finder?srcid=jwlshare&wtlocale=E&prefer=lang&docid=1200000060&par=15,Period
4,-1913,,,,,하갈과 이스마엘을 내보내다,,,,,,https://www.jw.org/finder?srcid=jwlshare&wtlocale=E&prefer=lang&docid=1200000060&par=15,Historical
4,-1893,,,,,아브라함이 이삭을 희생으로 바치려고 하다,,,,,,https://www.jw.org/finder?srcid=jwlshare&wtlocale=E&prefer=lang&docid=1200000060&par=16,Historical
4,-1878,,,,,엘리에셀이 이삭의 아내를 찾으러 보내지다,,,,,,https://www.jw.org/finder?srcid=jwlshare&wtlocale=E&prefer=lang&docid=1200003658&par=4,Historical
4,-1878,,,,,이삭이 리브가와 결혼하다,,,,,,https://www.jw.org/finder?srcid=jwlshare&wtlocale=E&prefer=lang&docid=1200003658&par=4,Historical
4,-1868,,,,,셈 죽다,,,,,,https://www.jw.org/finder?srcid=jwlshare&wtlocale=E&prefer=lang&docid=1101990130&par=284,Person
5,-1858,,,,,야곱,-1711,,,,,https://www.jw.org/finder?srcid=jwlshare&wtlocale=E&prefer=lang&docid=1200002279&par=3,Person
4,-1858,,,,,에서,-1736,,,,216000,https://www.jw.org/finder?srcid=jwlshare&wtlocale=E&prefer=lang&docid=1200002279&par=3,Person
4,-1858,,,,,에서와 야곱이 태어나다,,,,,,https://www.jw.org/finder?srcid=jwlshare&wtlocale=E&prefer=lang&docid=1200002279&par=3,Person
5,-1843,,,,,아브라함 죽다,,,,,,https://www.jw.org/finder?srcid=jwlshare&wtlocale=E&prefer=lang&docid=1200000060&par=18,Historical
4,-1818,,,,,에서 marries 2 foreign wives (Hit’tites),,,,,,https://www.jw.org/finder?srcid=jwlshare&wtlocale=E&prefer=lang&bible=01026034&pub=nwtsty,Historical
4,-1781,,,,,야곱이 하란으로 도피하다 (away 에서 에서),,,,,,https://www.jw.org/finder?srcid=jwlshare&wtlocale=E&prefer=lang&docid=1200003621&par=3,Historical
4,-1781,,,,,야곱이 하늘에 이르는 계단의 꿈을 꾸다,,,,,,https://www.jw.org/finder?srcid=jwlshare&wtlocale=E&prefer=lang&docid=1200003109&par=3,Historical
4,-1774,,,,,야곱이 레아와 라헬과 결혼하다,,,,,,https://www.jw.org/finder?srcid=jwlshare&wtlocale=E&prefer=lang&docid=1101990130&par=290,Historical
5,-1767,,,,,요셉,-1657,,,,,https://www.jw.org/finder?srcid=jwlshare&wtlocale=E&prefer=lang&docid=1101990130&par=291,Person
4,-1761,,,,,야곱이 하란에서 가나안으로 돌아오다,,,,,,https://www.jw.org/finder?srcid=jwlshare&wtlocale=E&prefer=lang&docid=1101990130&par=292,Historical
1,-1761,,,,8760,"여호와 confirms that seed will come ~을 통해 야곱, son 의 이삭 (Genesis 28:10-15)",,,,,,https://www.jw.org/finder?srcid=jwlshare&wtlocale=E&prefer=lang&docid=1997403&par=54,Sacred secret
4,-1761,,,,,야곱이 천사와 씨름하고 이스라엘이라는 이름을 받다,,,,,,https://www.jw.org/finder?srcid=jwlshare&wtlocale=E&prefer=lang&docid=1101990130&par=293,Historical
3,-1761,,,,,야곱과 에서가 다시 만나다,,,,,,https://www.jw.org/finder?wtlocale=E&docid=1200002227&srctype=wol&srcid=share&par=3,Historical
4,-1750,,,,,요셉이 상인들에게 팔리다,,,,,,https://www.jw.org/finder?srcid=jwlshare&wtlocale=E&prefer=lang&docid=1200002279&par=36,Historical
4,-1744,,,,43200,보디발의 아내가 요셉을 유혹하려 하다,,,,,,https://www.jw.org/finder?srcid=jwlshare&wtlocale=E&prefer=lang&docid=1200003534&par=4,Historical
4,-1739,,,,,술 맡은 자와 빵 굽는 자가 요셉에게 꿈을 설명하다,,,,,,https://www.jw.org/finder?srcid=jwlshare&wtlocale=E&prefer=lang&bible=01041001&pub=nwtsty,Historical
4,-1738,,,,,이삭 죽다,,,,,,https://www.jw.org/finder?srcid=jwlshare&wtlocale=E&prefer=lang&docid=1200002279&par=36,Person
4,-1737,,,,,"요셉 is 석방되다 과 is made 두 번째 ruler 의 이집트, 후 파라오",,,,,,https://www.jw.org/finder?srcid=jwlshare&wtlocale=E&prefer=lang&docid=1101990130&par=296,Historical
4,-1731,,,,,요셉 gets 2 sons: 므낫세 과 에브라임,,,,,,https://www.jw.org/finder?srcid=jwlshare&wtlocale=E&prefer=lang&bible=01041050&pub=nwtsty,Historical
4,-1730,,,,,요셉의 형제들이 양식을 사려고 이집트에 오다,,,,,,https://www.jw.org/finder?srcid=jwlshare&wtlocale=E&prefer=lang&bible=01041053&pub=nwtsty,Historical
5,-1728,,,,,야곱과 가족이 이집트에 도착하다,,,,,,https://www.jw.org/finder?srcid=jwlshare&wtlocale=E&prefer=lang&docid=1200002279&par=39,Historical
5,-1728,,,,,하느님의 백성이 이집트에서 살다,-1513,3,29,,,https://www.jw.org/finder?srcid=jwlshare&wtlocale=E&prefer=lang&docid=1200001458&par=9,Historical
1,-1711,,,,,야곱 acknowledges that seed will come ~을 통해 his son 유다 (Genesis 49:10),,,,,,https://www.jw.org/finder?srcid=jwlshare&wtlocale=E&prefer=lang&docid=1997403&par=55,Sacred secret
4,-1711,,,,,야곱 죽다,,,,,,https://www.jw.org/finder?srcid=jwlshare&wtlocale=E&prefer=lang&docid=1101990130&par=298,Person
4,-1657,,,,,요셉 죽다,,,,,,https://www.jw.org/finder?srcid=jwlshare&wtlocale=E&prefer=lang&docid=1101990130&par=299,Person
5,-1628,,,,130000,욥,-1473,,,,,https://www.jw.org/finder?srcid=jwlshare&wtlocale=E&prefer=lang&bible=18001003&pub=nwtsty,Person
5,-1613,,,,,욥 tried,,,,,,https://www.jw.org/finder?srcid=jwlshare&wtlocale=E&prefer=lang&docid=1101990130&par=300,Person
4,-1602,,,,,미리암,-1474,5,15,,1440,https://www.jw.org/finder?srcid=jwlshare&wtlocale=E&prefer=lang&docid=1200000005&par=3,Person
6,-1600,,,,,이집트 세계 강국,-740,,,,,https://www.jw.org/finder?wtlocale=E&docid=1988087&srctype=wol&srcid=share&par=27,Wold Power
5,-1597,,,,,아론,-1474,7,20,,120,https://www.jw.org/finder?srcid=jwlshare&wtlocale=E&prefer=lang&docid=1200000005&par=3,Person
6,-1593,,,,,모세,-1473,,,,,https://www.jw.org/finder?srcid=jwlshare&wtlocale=E&prefer=lang&docid=1200003118&par=3,Person
5,-1553,,,,,모세가 이집트인을 죽이고 미디안으로 도피하다,,,,,,https://www.jw.org/finder?srcid=jwlshare&wtlocale=E&prefer=lang&docid=1200003118&par=5,Historical
3,-1543,,,,,갈렙,,,,,,https://www.jw.org/finder?srcid=jwlshare&wtlocale=E&prefer=lang&docid=1200000863&par=4,Person
4,-1514,,,,,모세가 불타는 가시덤불 앞에 있다,,,,,,https://www.jw.org/finder?wtlocale=E&docid=1102007052&srctype=wol&srcid=share&par=26,Historical
6,-1513,3,29,,,이집트에서 탈출하다,,,,,,https://www.jw.org/finder?srcid=jwlshare&wtlocale=E&prefer=lang&docid=1101990130&par=13,Historical
3,-1513,6,,,,"주간 안식일이 제정되다 (Ex. 16:1, 22, 23, 28, 29)",,,,,,https://www.jw.org/finder?srcid=jwlshare&wtlocale=E&prefer=lang&docid=1200003778&par=3,Historical
4,-1513,,,,,Genesis 기록됨,,,,,,https://www.jw.org/finder?srcid=jwlshare&wtlocale=E&prefer=lang&docid=1001070071,Bible Book
3,-1513,5,16,,,시나이 광야에 도착하다 (Ex. 19:1),,,,,,https://www.jw.org/finder?srcid=jwlshare&wtlocale=E&prefer=lang&bible=02019001&pub=nwtsty,Historical
3,-1513,5,21,,,Law 계약 에서 세 번째 개월 후 이집트에서 탈출하다 (Ex 19:1),,,,,,https://www.jw.org/finder?srcid=jwlshare&wtlocale=E&prefer=lang&docid=1200001054&par=23,Historical
4,-1513,,,,,광야에서 40년을 보내다,-1473,,,,,https://www.jw.org/finder?wtlocale=E&docid=1975530&srctype=wol&srcid=share&par=8,Period
4,-1512,,,,,Exodus 기록됨,,,,,,https://www.jw.org/finder?srcid=jwlshare&wtlocale=E&prefer=lang&docid=1001070071,Bible Book
4,-1512,,,,,Leviticus 기록됨,,,,,,https://www.jw.org/finder?srcid=jwlshare&wtlocale=E&prefer=lang&docid=1001070071,Bible Book
2,-1512,3,16,,,Sanctification ceremony. Installation 의 priests,-1512,3,22,,,https://www.jw.org/finder?srcid=jwlshare&wtlocale=E&prefer=lang&docid=1200002023&par=10,Historical
4,-1512,3,23,,,Initial 속죄 service,,,,,,https://www.jw.org/finder?srcid=jwlshare&wtlocale=E&prefer=lang&docid=1200002023&par=10,Historical
4,-1512,3,29,,,Tabernacle 완료되다,,,,,,https://www.jw.org/finder?srcid=jwlshare&wtlocale=E&prefer=lang&docid=1200004295&par=4,Historical
4,-1512,4,16,,,"모세 registers tribes 과 families (Num 1:1,2)",,,,,,https://www.jw.org/finder?srcid=jwlshare&wtlocale=E&prefer=lang&bible=04001001&pub=nwtsty,Historical
4,-1512,5,5,,,cloud lifts 에서 넘어 tabernacle 동안 최초의 time as guide 동안 Israelites (Num 10:11),,,,,,https://www.jw.org/finder?srcid=jwlshare&wtlocale=E&prefer=lang&bible=04010011&pub=nwtsty,Historical
2,-1512,7,1,,360,가나안에 12명의 정탐꾼,-1512,8,10,,360,https://www.jw.org/finder?wtlocale=E&docid=1101978094&srctype=wol&srcid=share&par=4,Historical
4,-1512,9,25,,,최초의 일 의 속죄 (Lev 23:27),,,,,,https://www.jw.org/finder?srcid=jwlshare&wtlocale=E&prefer=lang&bible=03023027&pub=nwtsty,Historical
4,-1473,,,,,여호수아가 지도자로 임명되다,,,,,,https://www.jw.org/finder?srcid=jwlshare&wtlocale=E&prefer=lang&docid=1200003118&par=31,Historical
4,-1473,,,,,모세 죽다,,,,,,https://www.jw.org/finder?srcid=jwlshare&wtlocale=E&prefer=lang&docid=1200003118&par=31,Historical
4,-1473,,,,,Numbers 기록됨,,,,,,https://www.jw.org/finder?srcid=jwlshare&wtlocale=E&prefer=lang&docid=1001070071,Bible Book
4,-1473,,,,,Deuteronomy 기록됨,,,,,,https://www.jw.org/finder?srcid=jwlshare&wtlocale=E&prefer=lang&docid=1001070071,Bible Book
4,-1473,,,,,욥 기록됨,,,,,,https://www.jw.org/finder?srcid=jwlshare&wtlocale=E&prefer=lang&docid=1001070071,Bible Book
3,-1473,3,21,,24,2 spies arrive at Rahabs 집 에서 Jericho,,,,,,https://www.jw.org/finder?wtlocale=E&docid=1102013525&srctype=wol&srcid=share&par=7,Historical
4,-1473,3,25,,,약속의 땅에 들어가다,,,,,,https://www.jw.org/finder?srcid=jwlshare&wtlocale=E&prefer=lang&docid=1200002227&par=19,Historical
4,-1473,3,27,,48,할례 의 all male Israelites,,,,,,https://www.jw.org/finder?srcid=jwlshare&wtlocale=E&prefer=lang&bible=06005002&pub=nwtsty,Historical
4,-1473,3,29,,,Israelites celebrate 유월절 에서 desert plains 의 Jericho,,,,,,https://www.jw.org/finder?srcid=jwlshare&wtlocale=E&prefer=lang&bible=06005010&pub=nwtsty,Historical
4,-1473,3,30,,,Israelites eat 에서 harvest 의 Promised 땅 동안 최초의 time. Manna stops.,,,,,,https://www.jw.org/finder?srcid=jwlshare&wtlocale=E&prefer=lang&bible=06005011&pub=nwtsty,Historical
4,-1473,4,15,,168,여리고에서 승리하다,,,,,,https://www.jw.org/finder?srcid=jwlshare&wtlocale=E&prefer=lang&bible=06006015&pub=nwtsty,Historical
4,-1467,,,,,Major conquest 의 Promised 땅 완료되다. End 의 ‘약 450 년’ 의 Acts 13:17-20.,,,,,,https://www.jw.org/finder?wtlocale=E&docid=1200001458&srctype=wol&srcid=share&par=11,Historical
4,-1450,,,,,여호수아 기록됨,,,,,,https://www.jw.org/finder?srcid=jwlshare&wtlocale=E&prefer=lang&docid=1001070071,Bible Book
5,-1560,,,,,여호수아,-1450,,,,,https://www.jw.org/finder?wtlocale=E&docid=1101990067&srctype=wol&srcid=share&par=10,Person
4,-1450,,,,17280,Israelites subject 로 8 년 의 service 로 Mesopotamia,-1442,,,,17280,https://www.jw.org/finder?wtlocale=E&docid=1200002546&srctype=wol&srcid=share&par=15,Period
5,-1442,,,,17280,옷니엘 판사 (동안 40 년),-1402,,,,17280,https://www.jw.org/finder?srcid=jwlshare&wtlocale=E&prefer=lang&docid=1200003349,Judge
4,-1424,9,,,,최초의 Jubilee,,,,,,https://www.jw.org/finder?srcid=jwlshare&wtlocale=E&prefer=lang&docid=1200002536&par=11,Historical
4,-1412,,,,17280,Israelites subject 로 18 년 의 service 로 Moab (에글론),-1394,,,,17280,https://www.jw.org/finder?srcid=jwlshare&wtlocale=E&prefer=lang&docid=1200003097&par=10,Period
5,-1394,,,,17280,에훗 판사 (동안 80 년),-1314,,,,17280,https://www.jw.org/finder?srcid=jwlshare&wtlocale=E&prefer=lang&docid=1200001268&par=4,Judge
4,-1328,,,,17280,Israelites subject 로 20 년 의 service 로 Canaanites (야빈/시스라),-1308,,,,17280,https://www.jw.org/finder?srcid=jwlshare&wtlocale=E&prefer=lang&docid=1200000874&par=31,Period
4,-1308,,,,17280,Deborah prophetess,,,,,,https://www.jw.org/finder?srcid=jwlshare&wtlocale=E&prefer=lang&docid=1200001138&par=4,Prophet
4,-1308,,,,17280,바락 판사 (동안 40 년),-1268,,,,17280,https://www.jw.org/finder?srcid=jwlshare&wtlocale=E&prefer=lang&docid=1200002559&par=3,Judge
4,-1273,,,,17280,Israelites subject 로 7 년 의 service 로 Midian,-1266,,,,17280,https://www.jw.org/finder?srcid=jwlshare&wtlocale=E&prefer=lang&bible=07006001&pub=nwtsty,Period
5,-1266,,,,17280,기드온 과 his 300 남자들,,,,,,https://www.jw.org/finder?srcid=jwlshare&wtlocale=E&prefer=lang&bible=07007007&pub=nwtsty,Historical
5,-1266,,,,17280,기드온 판사 (동안 40 년),-1226,,,,17280,https://www.jw.org/finder?srcid=jwlshare&wtlocale=E&prefer=lang&docid=1200002559&par=3,Judge
4,-1226,,,,17280,돌라 판사 (동안 23 년),-1203,,,,17280,https://www.jw.org/finder?srcid=jwlshare&wtlocale=E&prefer=lang&docid=1200002559&par=3,Judge
4,-1203,,,,17280,야일 판사 (동안 22 년),-1181,,,,17280,https://www.jw.org/finder?srcid=jwlshare&wtlocale=E&prefer=lang&docid=1200002559&par=3,Judge
5,-1274,,,,172800,Eli,-1177,,,,172800,https://www.jw.org/finder?srcid=jwlshare&wtlocale=E&prefer=lang&docid=1200001290&par=3,Priest
4,-1191,,,,17280,Israelites subject 로 18 년 의 service 로 Philistines/Ammonites,-1173,,,,17280,https://www.jw.org/finder?srcid=jwlshare&wtlocale=E&prefer=lang&bible=07010008&pub=nwtsty,Period
4,-1173,,,,,입다 사사가 되다,,,,,,https://www.jw.org/finder?srcid=jwlshare&wtlocale=E&prefer=lang&docid=1200002413&par=3,Person
5,-1173,,,,,입다’s 6-년 judgeship,-1167,,,,,https://www.jw.org/finder?srcid=jwlshare&wtlocale=E&prefer=lang&docid=1200002559&par=3,Judge
5,-1177,,,,172800,사무엘,-1097,,,,172800,https://www.jw.org/finder?srcid=jwlshare&wtlocale=E&prefer=lang&docid=1200003824,Prophet
4,-1167,,,,17280,입산 판사 (동안 7 년),-1160,,,,17280,https://www.jw.org/finder?srcid=jwlshare&wtlocale=E&prefer=lang&docid=1200002559&par=3,Judge
4,-1160,,,,17280,엘론 판사 (동안 10 년),-1150,,,,17280,https://www.jw.org/finder?srcid=jwlshare&wtlocale=E&prefer=lang&docid=1200002559&par=3,Judge
4,-1150,,,,17280,압돈 판사 (동안 8 년),-1142,,,,17280,https://www.jw.org/finder?srcid=jwlshare&wtlocale=E&prefer=lang&docid=1200002559&par=3,Judge
4,-1172,,,,17280,Israelites subject 로 40 년 의 service 로 Philistines,-1132,,,,17280,https://www.jw.org/finder?srcid=jwlshare&wtlocale=E&prefer=lang&bible=07013001&pub=nwtsty,Period
5,-1142,,,,17280,삼손 판사 (동안 20 년),-1122,,,,17280,https://www.jw.org/finder?srcid=jwlshare&wtlocale=E&prefer=lang&docid=1200003823,Judge
4,-1137,,,,,Jonathan,-1077,,,,,https://www.jw.org/finder?srcid=jwlshare&wtlocale=E&prefer=lang&docid=1200002506&par=8,Person
5,-1117,,,,,이스라엘 민족에 첫 왕이 생기다 (사울),,,,,,https://www.jw.org/finder?wtlocale=E&docid=1101990070&srctype=wol&srcid=share&par=6,Historical
5,-1117,,,,,사울 왕,-1077,,,,,https://www.jw.org/finder?srcid=jwlshare&wtlocale=E&prefer=lang&docid=1200000970&par=216,King
4,-1117,,,,4320,"사울 무찌르다 Ammonites 와 함께 army 의 330,000 남자들",,,,,,https://www.jw.org/finder?wtlocale=E&docid=1200013759&srctype=wol&srcid=share&par=9,Historical
3,-1115,,,,4320,사울 preemptuously brings burnt offering because 사무엘 was later than expected (1 Sam 13:13),,,,,,https://www.jw.org/finder?srcid=jwlshare&wtlocale=E&prefer=lang&docid=2017521&par=33,Historical
6,-1107,,,,,다윗,-1037,,,,,https://www.jw.org/finder?wtlocale=E&docid=1101981006&srctype=wol&srcid=share&par=61,Person
4,-1100,,,,,판사들 기록됨,,,,,,https://www.jw.org/finder?srcid=jwlshare&wtlocale=E&prefer=lang&docid=1001070071,Bible Book
4,-1090,,,,,Ruth 기록됨,,,,,,https://www.jw.org/finder?srcid=jwlshare&wtlocale=E&prefer=lang&docid=1001070071,Bible Book
4,-1078,,,,,1 사무엘 기록됨,,,,,,https://www.jw.org/finder?srcid=jwlshare&wtlocale=E&prefer=lang&docid=1001070071,Bible Book
5,-1077,,,,,"다윗 왕이 되다 (최초의 유다, 후 넘어 all 이스라엘)",-1037,,,,,https://www.jw.org/finder?srcid=jwlshare&wtlocale=E&prefer=lang&docid=1200000970&par=219,King
3,-1077,,,,,이스보셋 의 왕이 되다 이스라엘,,,,,,https://www.jw.org/finder?wtlocale=E&docid=1200002211&srctype=wol&srcid=share&par=5,King
3,-1075,,,,,이스보셋 assassinated,,,,,,https://www.jw.org/finder?wtlocale=E&docid=1200002211&srctype=wol&srcid=share&par=5,Person
3,-1070,,,,,다윗이 온 이스라엘의 왕이 되다. 예루살렘이 수도가 되다,,,,,,https://www.jw.org/finder?srcid=jwlshare&wtlocale=E&prefer=lang&docid=1200001130&par=23,Historical
4,-1056,,,,43200,다윗 commits adultery 와 함께 밧세바,,,,,,https://www.jw.org/finder?wtlocale=E&docid=2000803&srctype=wol&srcid=share&par=19,Historical
1,-1054,,,,140160,"왕 다윗 learns that seed will be descendant 에서 him 과 will reign as 왕 동안 ever (2 사무엘 7:13-16 과 Psalms 89:35, 36)",,,,,,https://www.jw.org/finder?srcid=jwlshare&wtlocale=E&prefer=lang&docid=1997403&par=56,Sacred secret
4,-1040,,,,,2 사무엘 기록됨,,,,,,https://www.jw.org/finder?srcid=jwlshare&wtlocale=E&prefer=lang&docid=1001070071,Bible Book
5,-1037,,,,,Salomon 왕,-998,,,,,https://www.jw.org/finder?wtlocale=E&docid=1200000970&srctype=wol&srcid=share&par=206,King
4,-1034,,,,,성전 건축,-1027,,,,,https://www.jw.org/finder?wtlocale=E&docid=1200000970&srctype=wol&srcid=share&par=127,Period
4,-1026,,,,,성전 봉헌,,,,,,https://www.jw.org/finder?wtlocale=E&docid=1200004178&srctype=wol&srcid=share&par=15,Historical
4,-1020,,,,,Song 의 솔로몬 기록됨,,,,,,https://www.jw.org/finder?srcid=jwlshare&wtlocale=E&prefer=lang&docid=1001070071,Bible Book
4,-1000,,,,,Ecclesiastes 기록됨,,,,,,https://www.jw.org/finder?srcid=jwlshare&wtlocale=E&prefer=lang&docid=1001070071,Bible Book
4,-998,,,,,솔로몬 죽다,,,,,,https://www.jw.org/finder?wtlocale=E&docid=101989126&srctype=wol&srcid=share&par=19,Person
4,-997,,,,,르호보암 왕이 되다,-980,,,,,https://www.jw.org/finder?srcid=jwlshare&wtlocale=E&prefer=lang&docid=1200003680&par=3,King Juda
4,-997,,,,,여로보암 의 왕이 되다 이스라엘,-977,,,,,https://www.jw.org/finder?srcid=jwlshare&wtlocale=E&prefer=lang&docid=1200002431&par=12,King Israel
5,-997,,,,,이스라엘이 이스라엘 왕국과 유다 왕국으로 분열되다,,,,,,https://www.jw.org/finder?srcid=jwlshare&wtlocale=E&prefer=lang&docid=1200000970&par=129,Historical
3,-993,,,,,파라오 Shishak 침공하다 유다 과 차지하다 treasures 에서 성전,,,,,,https://www.jw.org/finder?wtlocale=E&docid=1200004359&srctype=wol&srcid=share&par=13,Historical
4,-980,,,,,아비야 의 왕이 되다 유다,-978,,,,,https://www.jw.org/finder?wtlocale=E&docid=1200000970&srctype=wol&srcid=share&par=298,King Juda
4,-978,,,,,아사 의 왕이 되다 유다,-937,,,,,https://www.jw.org/finder?wtlocale=E&docid=1200000970&srctype=wol&srcid=share&par=301,King Juda
3,-978,,,,,평화 during reign 의 아사,-968,,,,,https://www.jw.org/finder?wtlocale=E&pub=nwtsty&srctype=wol&bible=14014001&srcid=share,Historical
4,-976,,,,,나답 의 왕이 되다 이스라엘,-975,,,,,https://www.jw.org/finder?srcid=jwlshare&wtlocale=E&prefer=lang&docid=1200000970&par=305,King Israel
4,-975,,,,,바아사 의 왕이 되다 이스라엘,-952,,,,,https://www.jw.org/finder?srcid=jwlshare&wtlocale=E&prefer=lang&docid=1200000970&par=307,King Israel
4,-967,,,,,아사 무찌르다 1 million Ethiopians,,,,,,https://www.jw.org/finder?wtlocale=E&docid=1200001265&srctype=wol&srcid=share&par=67,Historical
3,-963,,,,,"아사 removes idols, restores 여호와’s 제단, 과 unites 나라 (2 Kron 15:10)",,,,,,https://www.jw.org/finder?srcid=jwlshare&wtlocale=E&prefer=lang&docid=1200000397&par=7,Historical
4,-952,,,,,엘라 의 왕이 되다 이스라엘,-951,,,,,https://www.jw.org/finder?srcid=jwlshare&wtlocale=E&prefer=lang&docid=1200000970&par=312,King Israel
4,-951,7,1,,,시므리 의 왕이 되다 이스라엘 (동안 7 일. Unknown which 7 일 exactly),-951,7,7,,,https://www.jw.org/finder?srcid=jwlshare&wtlocale=E&prefer=lang&docid=1200000970&par=314,King Israel
4,-951,7,8,,,오므리 의 왕이 되다 이스라엘,-940,,,,,https://www.jw.org/finder?srcid=jwlshare&wtlocale=E&prefer=lang&docid=1200000970&par=316,King Israel
4,-951,,,,,디브니 의 왕이 되다 이스라엘,-947,,,,,https://www.jw.org/finder?wtlocale=E&docid=1200010959&srctype=wol&srcid=share&par=212,King Israel
4,-962,,,,,아사 calls Syria 동안 help (as opposed 로 asking 여호와) against 바아사 의 이스라엘.,,,,,,https://www.jw.org/finder?wtlocale=E&docid=1200000636&srctype=wol&srcid=share&par=4,Historical
4,-940,,,,,아합 의 왕이 되다 이스라엘,-920,,,,,https://www.jw.org/finder?srcid=jwlshare&wtlocale=E&prefer=lang&docid=1200000138&par=3,King Israel
4,-939,,,,,아사 gets ailment 에서 his feet,,,,,,https://www.jw.org/finder?wtlocale=E&pub=nwtsty&srctype=wol&bible=14016012&srcid=share,Historical
4,-939,,,,8640,Elijah,-905,,,,,https://www.jw.org/finder?srcid=jwlshare&wtlocale=E&prefer=lang&docid=1200001307&par=3,Prophet
4,-937,,,,,여호사밧 의 왕이 되다 유다,-913,,,,,https://www.jw.org/finder?srcid=jwlshare&wtlocale=E&prefer=lang&docid=1200002383&par=6,King Juda
4,-933,,,,,여호사밧 sends his princes 로 teach 에서 도시들 의 유다,,,,,,https://www.jw.org/finder?srcid=jwlshare&wtlocale=E&prefer=lang&bible=14017007&pub=nwtsty,Historical
4,-920,,,,,여호사밧 fights together 와 함께 아합 against Ramoth-Gilead,,,,,,https://www.jw.org/finder?srcid=jwlshare&wtlocale=E&prefer=lang&bible=14018034&pub=nwtsty,Historical
4,-920,,,,,아합 죽다,,,,,,https://www.jw.org/finder?srcid=jwlshare&wtlocale=E&prefer=lang&docid=1200000138&par=3,Person
4,-919,,,,,아하시야 의 왕이 되다 이스라엘,-917,,,,,https://www.jw.org/finder?wtlocale=E&docid=1200000145&srctype=wol&srcid=share&par=4,King Israel
4,-913,,,,,여호람 의 왕이 되다 유다,-906,,,,,https://www.jw.org/finder?srcid=jwlshare&wtlocale=E&prefer=lang&docid=1200002510&par=12,King Juda
4,-906,,,,,아하시야 의 왕이 되다 유다,-905,,,,,https://www.jw.org/finder?wtlocale=E&docid=1200000145&srctype=wol&srcid=share&par=7,King Juda
4,-905,,,,,아달랴 의 여왕이 되다 유다,-898,,,,,https://www.jw.org/finder?wtlocale=E&docid=1200000457&srctype=wol&srcid=share&par=4,King Juda
4,-917,,,,,여호람 의 왕이 되다 이스라엘,-905,,,,,https://www.jw.org/finder?srcid=jwlshare&wtlocale=E&prefer=lang&docid=1200002510&par=7,King Israel
4,-916,,,,8640,Elisha,-855,,,,43200,https://www.jw.org/finder?srcid=jwlshare&wtlocale=E&prefer=lang&docid=1200001316&par=7,Prophet
4,-905,7,,,4320,"예후 executes 왕 여호람 의 이스라엘 과 his brothers, 여호람’s mother (Jezebel), 과 왕 아하시야 의 유다 과 his brothers",,,,,,https://www.jw.org/finder?srcid=jwlshare&wtlocale=E&prefer=lang&docid=202022425&par=12,Historical
4,-905,8,,,4320,아달랴 murders all royal offspring 과 usurps throne. Only her grandson 여호아스 is saved 과 kept hidden 에서 her by 대제사장 여호야다.,,,,,,https://www.jw.org/finder?srcid=jwlshare&wtlocale=E&prefer=lang&docid=202022425&par=7,Historical
4,-904,,,,,예후 의 왕이 되다 이스라엘,-876,,,,,https://www.jw.org/finder?srcid=jwlshare&wtlocale=E&prefer=lang&docid=1200002401&par=5,King Israel
4,-898,,,,,여호아스 의 왕이 되다 유다,-858,,,,,https://www.jw.org/finder?srcid=jwlshare&wtlocale=E&prefer=lang&docid=1200002474&par=10,King Juda
4,-898,,,,,여왕 아달랴 is executed by 대제사장 여호야다,,,,,,https://www.jw.org/finder?srcid=jwlshare&wtlocale=E&prefer=lang&docid=202022425&par=8,Historical
4,-884,,,,,"Married by time he was 21, he had two wives, one 의 whom was named Jehoaddan, 과 by these 여호아스 became father 로 sons 과 daughters. 에서 this way line 의 다윗 leading 로 Messiah, which had come so near 로 being completely severed, was once again made strong.",,,,,,https://www.jw.org/finder?wtlocale=E&docid=1200002474&srctype=wol&srcid=share&par=13,Historical
4,-877,,,,,예후 죽다,,,,,,https://www.jw.org/finder?wtlocale=E&docid=1200002401&srctype=wol&srcid=share&par=5,Person
4,-876,,,,,왕 Je·hoʹash 불리다 Je·hoiʹa·da 제사장 과 other priests 과 said 로 them: Why are you not repairing damage 로 집?’,,,,,,https://www.jw.org/finder?srcid=jwlshare&wtlocale=E&prefer=lang&bible=12012006&pub=nwtsty,Historical
4,-876,,,,,여호아하스 의 왕이 되다 이스라엘,-859,,,,,https://www.jw.org/finder?srcid=jwlshare&wtlocale=E&prefer=lang&docid=1200002372&par=5,King Israel
4,-862,,,,,여호아스 의 왕이 되다 이스라엘,-844,,,,,https://www.jw.org/finder?srcid=jwlshare&wtlocale=E&prefer=lang&docid=1001070206,King Israel
4,-859,,,,,여호아스 (son 의 아하시야) assassinated,,,,,,https://www.jw.org/finder?srcid=jwlshare&wtlocale=E&prefer=lang&docid=1200002474&par=16,Person
4,-858,,,,,아마샤 의 왕이 되다 유다,-829,,,,,https://www.jw.org/finder?srcid=jwlshare&wtlocale=E&prefer=lang&docid=1200000224&par=4,King Juda
4,-844,,,,,여로보암 2세 의 왕이 되다 이스라엘,-803,,,,,https://www.jw.org/finder?srcid=jwlshare&wtlocale=E&prefer=lang&docid=1200002431&par=13,King Israel
5,-850,,,,43200,Jonah,-840,,,,43200,https://www.jw.org/finder?srcid=jwlshare&wtlocale=E&prefer=lang&docid=1200002431&par=13,Prophet
4,-844,,,,,Jonah 기록됨,,,,,,https://www.jw.org/finder?srcid=jwlshare&wtlocale=E&prefer=lang&docid=1001070071,Bible Book
4,-829,,,,,웃시야 (아사랴) 의 왕이 되다 유다,-777,,,,,https://www.jw.org/finder?srcid=jwlshare&wtlocale=E&prefer=lang&docid=1200004535&par=6,King Juda
4,-820,,,,,Joel 기록됨,,,,,,https://www.jw.org/finder?srcid=jwlshare&wtlocale=E&prefer=lang&docid=1001070071,Bible Book
5,-835,,,,86400,Joel,-820,,,,86400,https://www.jw.org/finder?srcid=jwlshare&wtlocale=E&prefer=lang&docid=1001070206,Prophet
5,-822,,,,43200,Amos,-815,,,,43200,https://www.jw.org/finder?srcid=jwlshare&wtlocale=E&prefer=lang&docid=1001070206,Prophet
4,-804,,,,,Amos 기록됨,,,,,,https://www.jw.org/finder?srcid=jwlshare&wtlocale=E&prefer=lang&docid=1001070071,Bible Book
4,-804,,,,,호세아 예언 활동을 시작하다,,,,,,https://www.jw.org/finder?srcid=jwlshare&wtlocale=E&prefer=lang&docid=1200002087&par=3,Prophet
5,-810,,,,172800,호세아,-750,,,,172800,https://www.jw.org/finder?srcid=jwlshare&wtlocale=E&prefer=lang&docid=1200002090&par=9,Prophet
4,-803,,,,,여로보암 2세 죽다,,,,,,https://www.jw.org/finder?srcid=jwlshare&wtlocale=E&prefer=lang&docid=1200004681&par=17,Person
4,-792,6,,,4320,스가랴 의 왕이 되다 이스라엘,-791,1,1,,4320,https://www.jw.org/finder?srcid=jwlshare&wtlocale=E&prefer=lang&docid=1200004681&par=17,King Israel
4,-791,6,,,4320,살룸 의 왕이 되다 이스라엘 (동안 1 개월. Unknown which 개월 exactly),-791,7,,,4320,https://www.jw.org/finder?srcid=jwlshare&wtlocale=E&prefer=lang&docid=1200003933&par=7,King Israel
4,-791,6,,,4320,므나헴 의 왕이 되다 이스라엘,-781,6,,,4320,https://www.jw.org/finder?srcid=jwlshare&wtlocale=E&prefer=lang&docid=1200002978&par=3,King Israel
4,-780,,,,,브가히야 의 왕이 되다 이스라엘,-778,,,,,https://www.jw.org/finder?srcid=jwlshare&wtlocale=E&prefer=lang&docid=1200003416&par=3,King Israel
4,-778,,,,,베가 의 왕이 되다 이스라엘,-758,,,,,https://www.jw.org/finder?srcid=jwlshare&wtlocale=E&prefer=lang&docid=1200003415&par=3,King Israel
4,-778,,,,,이사야 예언 활동을 시작하다,-732,,,,,https://www.jw.org/finder?srcid=jwlshare&wtlocale=E&prefer=lang&docid=1200002438&par=11,Prophet
5,-778,,,,172800,이사야,-725,,,,172800,https://www.jw.org/finder?srcid=jwlshare&wtlocale=E&prefer=lang&docid=1001070215,Prophet
4,-778,,,,,왕 웃시야 죽다,,,,,,https://www.jw.org/finder?srcid=jwlshare&wtlocale=E&prefer=lang&docid=1200004535&par=6,King
4,-777,,,,,요담 의 왕이 되다 유다,-762,,,,,https://www.jw.org/finder?srcid=jwlshare&wtlocale=E&prefer=lang&docid=1200002529&par=5,King Juda
4,-777,,,,,미가 예언 활동을 시작하다,,,,,,https://www.jw.org/finder?srcid=jwlshare&wtlocale=E&prefer=lang&docid=1200003032&par=12,Prophet
5,-777,,,,172800,미가,-717,,,,172800,https://www.jw.org/finder?srcid=jwlshare&wtlocale=E&prefer=lang&docid=1200003032&par=12,Prophet
4,-762,,,,,아하스 의 왕이 되다 유다,-746,,,,,https://www.jw.org/finder?srcid=jwlshare&wtlocale=E&prefer=lang&docid=1200000970&par=393,King Juda
4,-759,,,,,디글랏빌레셀 의 아시리아 유배시키다 portions 의 이스라엘,,,,,,https://www.jw.org/finder?wtlocale=E&docid=1200001457&srctype=wol&srcid=share&par=4,Historical
4,-758,,,,,호셰아 의 왕이 되다 이스라엘,-748,,,,,https://www.jw.org/finder?srcid=jwlshare&wtlocale=E&prefer=lang&docid=1200000970&par=400,King Israel
4,-753,,,,,로마 founded (tradition),,,,,,https://www.jw.org/finder?wtlocale=E&docid=1200003763&srctype=wol&srcid=share&par=3,Historical
4,-746,,,,,아하스 죽다,,,,,,https://www.jw.org/finder?wtlocale=E&docid=1102000035&srctype=wol&srcid=share&par=9,Person
4,-746,,,,,히스기야 의 왕이 되다 유다,-716,,,,,https://www.jw.org/finder?srcid=jwlshare&wtlocale=E&prefer=lang&docid=1200000970&par=401,King Juda
4,-746,,,,,히스기야 opened doors 의 성전 과 repaired them,,,,,,https://www.jw.org/finder?srcid=jwlshare&wtlocale=E&prefer=lang&bible=14029003&pub=nwtsty,Historical
4,-745,,,,,호세아 기록됨,,,,,,https://www.jw.org/finder?srcid=jwlshare&wtlocale=E&prefer=lang&docid=1001070071,Bible Book
4,-742,,,,,사마리아 besieged,,,,,,https://www.jw.org/finder?wtlocale=E&docid=1200002011&srctype=wol&srcid=share&par=12,Historical
5,-740,8,,,,아시리아 subjugates 이스라엘,,,,,,https://www.jw.org/finder?wtlocale=E&docid=1200002011&srctype=wol&srcid=share&par=12,Historical
6,-740,8,,,,아시리아가 세계 강국이 되다,-632,,,,,https://www.jw.org/finder?srcid=jwlshare&wtlocale=E&prefer=lang&docid=102010450&par=9,Wold Power
4,-732,,,,,"산헤립 공격하다 유다, but 185,000 soldiers are killed 에서 1 밤",,,,,,https://www.jw.org/finder?srcid=jwlshare&wtlocale=E&prefer=lang&docid=2007042&par=7,Historical
4,-732,,,,,이사야 기록됨,,,,,,https://www.jw.org/finder?srcid=jwlshare&wtlocale=E&prefer=lang&docid=1001070071,Bible Book
4,-732,,,,,이사야 stops prophesying,,,,,,https://www.jw.org/finder?srcid=jwlshare&wtlocale=E&prefer=lang&docid=1200002438&par=11,Prophet
4,-717,,,,,Proverbs 편찬되다,,,,,,https://www.jw.org/finder?srcid=jwlshare&wtlocale=E&prefer=lang&docid=1001070071,Bible Book
4,-717,,,,,미가 기록됨,,,,,,https://www.jw.org/finder?srcid=jwlshare&wtlocale=E&prefer=lang&docid=1001070071,Bible Book
4,-716,,,,,므낫세 의 왕이 되다 유다,-661,,,,,https://www.jw.org/finder?srcid=jwlshare&wtlocale=E&prefer=lang&docid=1200002882&par=21,King Juda
4,-661,,,,,아몬 의 왕이 되다 유다,-659,,,,,https://www.jw.org/finder?srcid=jwlshare&wtlocale=E&prefer=lang&docid=1200000244&par=5,King Juda
4,-659,,,,,요시야 의 왕이 되다 유다,-628,1,30,,,https://www.jw.org/finder?srcid=jwlshare&wtlocale=E&prefer=lang&docid=1200002525&par=10,King Juda
4,-652,,,,,요시야 시작했다 로 ‘search’ 동안 여호와,,,,,,https://www.jw.org/finder?srcid=jwlshare&wtlocale=E&prefer=lang&bible=14034003&pub=nwtsty,Historical
4,-648,,,,,"요시야 시작했다 로 cleanse 유다 과 예루살렘 의 high places 과 sacred poles, graven images, 과 metal statues",,,,,,https://www.jw.org/finder?srcid=jwlshare&wtlocale=E&prefer=lang&bible=14034003&pub=nwtsty,Historical
4,-648,,,,,스바냐 기록됨,,,,,,https://www.jw.org/finder?srcid=jwlshare&wtlocale=E&prefer=lang&docid=1001070071,Bible Book
5,-665,,,,43200,스바냐,-655,,,,43200,https://www.jw.org/finder?srcid=jwlshare&wtlocale=E&prefer=lang&docid=1200004696&par=4,Prophet
4,-647,,,,,예레미야 예언자로 임명되다,-580,,,,,https://www.jw.org/finder?wtlocale=E&docid=1102017171&srctype=wol&srcid=share&par=21,Historical
4,-645,,,,,예레미야,,,,,,https://www.jw.org/finder?wtlocale=E&docid=1200000447&srctype=wol&srcid=share&par=28,Prophet
4,-643,,,,,나보폴라사르 의 왕이 되다 바빌론,,,,,,https://www.jw.org/finder?srcid=jwlshare&wtlocale=E&prefer=lang&docid=1200001469&par=3,Historical
3,-642,,,,,에스겔 태어나다,,,,,,https://www.jw.org/finder?srcid=jwlshare&wtlocale=E&prefer=lang&docid=1200000369&par=17,Person
3,-641,3,29,,,요시야 commands 로 return 궤 의 계약 로 성전,,,,,,https://www.jw.org/finder?wtlocale=E&docid=1200002525&srctype=wol&srcid=share&par=8,Historical
4,-632,,,,,요시야 celebrates 유월절 (it has been long time),,,,,,https://www.jw.org/finder?srcid=jwlshare&wtlocale=E&prefer=lang&docid=1001070071,Historical
5,-660,,,,86400,나훔 기록됨,-640,,,,86400,https://www.jw.org/finder?srcid=jwlshare&wtlocale=E&prefer=lang&docid=1001070215,Bible Book
3,-632,,,,,나훔,,,,,,https://www.jw.org/finder?srcid=jwlshare&wtlocale=E&prefer=lang&docid=1200003261&par=12,Prophet
4,-608,,,,,Nineveh 함락되다 로 Chaldeans 과 Medes,,,,,,https://www.jw.org/nl/bibliotheek/videos/#en/mediaitems/StudioMonthlyPrograms/pub-jwb-098_1_VIDEO,Historical
6,-607,,,,,바빌론이 세계 강국이 되다,-539,,,,,https://www.jw.org/finder?srcid=jwlshare&wtlocale=E&prefer=lang&docid=1001070229,Wold Power
4,-629,,,,,요시야 죽다,,,,,,https://www.jw.org/finder?wtlocale=E&docid=1200002525&srctype=wol&srcid=share&par=10,Person
4,-629,,,,,파라오 Necho 차지하다 Carchemish,,,,,,https://www.jw.org/finder?wtlocale=E&docid=1200001446&srctype=wol&srcid=share&par=7,Historical
4,-628,,,,,하박국 기록됨,,,,,,https://www.jw.org/finder?srcid=jwlshare&wtlocale=E&prefer=lang&docid=1200001790&par=9,Bible Book
5,-630,,,,43200,하박국,-610,,,,43200,https://www.jw.org/finder?srcid=jwlshare&wtlocale=E&prefer=lang&docid=1001070215,Prophet
5,-628,,,,43200,오바댜,-605,,,,43200,https://www.jw.org/finder?srcid=jwlshare&wtlocale=E&prefer=lang&docid=1001070215,Prophet
4,-628,2,1,,,"여호아하스 의 왕이 되다 유다 (3 개월 에서 early part 의 년 628 B.C.E., exact 개월 unknown)",-628,4,30,,,https://www.jw.org/finder?srcid=jwlshare&wtlocale=E&prefer=lang&docid=1200002372&par=7,King Juda
4,-628,5,1,,,여호야김 의 왕이 되다 유다,-618,,,,,https://www.jw.org/finder?srcid=jwlshare&wtlocale=E&prefer=lang&docid=1101999021&par=19,King Juda
4,-625,,,,,예레미야 기록됨,-580,,,,,https://www.jw.org/finder?srcid=jwlshare&wtlocale=E&prefer=lang&docid=1200002422&par=4,Bible Book
3,-625,,,,,예레미야 rebukes 바룩 ‘You are seeking great things 동안 yourself’,,,,,,https://www.jw.org/finder?wtlocale=E&docid=1200000571&srctype=wol&srcid=share&par=1,Historical
3,-625,,,,,느부갓네살 의 왕이 되다 바빌론,-582,,,,,https://www.jw.org/finder?srcid=jwlshare&wtlocale=E&prefer=lang&docid=1101999022&par=4,Historical
3,-625,,,,,느부갓네살 무찌르다 파라오 Necho,,,,,,https://www.jw.org/finder?srcid=jwlshare&wtlocale=E&prefer=lang&docid=1200003203&par=4,Historical
4,-624,,,,,바룩 reads scroll 에서 성전 courtyard,,,,,,https://www.jw.org/finder?wtlocale=E&docid=1200000571&srctype=wol&srcid=share&par=4,Historical
4,-620,,,,,여호야김’s vassalage 로 바빌론,,,,,,https://www.jw.org/finder?srcid=jwlshare&wtlocale=E&prefer=lang&docid=1101999021&par=19,Historical
4,-618,,,,,"느부갓네살 besieges 예루살렘 두 번째 time, 로 punish rebellious 여호야김 (여호야김 likely 죽다)",,,,,,https://www.jw.org/finder?srcid=jwlshare&wtlocale=E&prefer=lang&docid=1101999022&par=7,Historical
4,-618,,,,,여호야긴 에서 왕이 되다 유다,-617,,,,,https://www.jw.org/finder?srcid=jwlshare&wtlocale=E&prefer=lang&docid=1101999022&par=8,King Juda
4,-617,,,,,Daniel 과 other ‘foremost 남자들 의 땅’ are send as 수감자들 로 바빌론,,,,,,https://www.jw.org/finder?srcid=jwlshare&wtlocale=E&prefer=lang&docid=1200001117&par=4,Historical
4,-617,,,,,여호야긴 surrenders 후 having reigned 3 개월 과 10 일,,,,,,https://www.jw.org/finder?srcid=jwlshare&wtlocale=E&prefer=lang&docid=1101999022&par=8,Historical
4,-617,,,,,시드기야 의 왕이 되다 유다,-607,,,,,https://www.jw.org/finder?srcid=jwlshare&wtlocale=E&prefer=lang&docid=1102017923&par=34,King Juda
4,-614,,,,,시드기야 과 스라야 로 바빌론,,,,,,https://www.jw.org/finder?wtlocale=E&docid=1200003904&srctype=wol&srcid=share&par=7,Historical
4,-613,,,,,에스겔 예언자로 임명되다,-591,,,,,https://www.jw.org/finder?wtlocale=E&docid=1200001469&srctype=wol&srcid=share&par=10,Historical
3,-612,8,20,,,에스겔’s 환상 의 거짓 숭배 에서 성전,,,,,,https://www.jw.org/finder?srcid=jwlshare&wtlocale=E&prefer=lang&docid=2007482&par=8,Historical
3,-611,7,25,,,에스겔 confirms 예루살렘 로 fall,,,,,,https://www.jw.org/finder?srcid=jwlshare&wtlocale=E&prefer=lang&docid=2007482&par=31,Historical
5,-610,,,,172800,Daniel,-537,,,,43200,https://www.jw.org/finder?srcid=jwlshare&wtlocale=E&prefer=lang&docid=1200001117&par=13,Prophet
3,-610,12,27,,,에스겔 prophesies against 이집트,,,,,,https://www.jw.org/finder?srcid=jwlshare&wtlocale=E&prefer=lang&bible=26029001&pub=nwtsty,Historical
4,-609,,,,,느부갓네살 침공하다 유다 동안 3rd time. 최종 siege 의 예루살렘 시작하다,,,,,,https://www.jw.org/finder?srcid=jwlshare&wtlocale=E&prefer=lang&docid=2007482&par=32,Historical
3,-609,12,25,,,에스겔 record 일 that 바빌론 공격하다 예루살렘 과 relates proverb concerning cooking pot,,,,,,https://www.jw.org/finder?srcid=jwlshare&wtlocale=E&prefer=lang&bible=26024001&pub=nwtsty,Historical
3,-608,3,15,,,에스겔 prophesies against Tyre,,,,,,https://www.jw.org/finder?srcid=jwlshare&wtlocale=E&prefer=lang&bible=26026001&pub=nwtsty,Historical
4,-608,,,,,바룩 took deeds 동안 property 의 Anathoth 과 put them 에서 vessel,,,,,,https://www.jw.org/finder?wtlocale=E&docid=1200000571&srctype=wol&srcid=share&par=5,Historical
3,-607,3,22,,,에스겔 prophesies that 바빌론 will fight 이집트 과 win,,,,,,https://www.jw.org/finder?srcid=jwlshare&wtlocale=E&prefer=lang&bible=26030020&pub=nwtsty,Historical
3,-607,5,15,,,"에스겔 prophesies against 이집트, that it will be cut down as tree",,,,,,https://www.jw.org/finder?srcid=jwlshare&wtlocale=E&prefer=lang&bible=26031001&pub=nwtsty,Historical
4,-607,,,,,Lamentations 기록됨,,,,,,https://www.jw.org/finder?srcid=jwlshare&wtlocale=E&prefer=lang&docid=1200002675&par=10,Bible Book
4,-607,,,,,오바댜 기록됨,,,,,,https://www.jw.org/finder?srcid=jwlshare&wtlocale=E&prefer=lang&docid=1200003288&par=3,Bible Book
5,-607,10,1,,,Israelites’ exile 에서 바빌론,-537,10,1,,,https://www.jw.org/finder?srcid=jwlshare&wtlocale=E&prefer=lang&docid=1200001457&par=5,Period
3,-607,8,1,,,Babylonians enter 예루살렘,,,,,,https://www.jw.org/finder?srcid=jwlshare&wtlocale=E&prefer=lang&docid=2006044&par=20,Historical
,-607,10,1,,,"desolation 의 예루살렘 is 완료하다, Israelites’ exile 에서 바빌론 시작하다",,,,,,https://www.jw.org/finder?srcid=jwlshare&wtlocale=E&prefer=lang&docid=2006044&par=20,Historical
6,-607,10,1,,,정해진 때 의 나라들,1914,10,1,,,https://www.jw.org/finder?wtlocale=E&docid=2006521&srctype=wol&srcid=share&par=21,Period
3,-606,2,15,,,에스겔 sings dirge concerning 이집트,,,,,,https://www.jw.org/finder?srcid=jwlshare&wtlocale=E&prefer=lang&bible=26032001&pub=nwtsty,Prophet
4,-606,,,,,느부갓네살’s 꿈 의 image,,,,,,https://www.jw.org/finder?srcid=jwlshare&wtlocale=E&prefer=lang&docid=2007644&par=11,Historical
3,-606,12,5,,,Daniel is notified that 도시 has been struck down,,,,,,https://www.jw.org/finder?srcid=jwlshare&wtlocale=E&prefer=lang&bible=26033021&pub=nwtsty,Historical
3,-602,,,,,"느부갓네살 유배시키다 more Jews, conquers Moab 과 Ammon, 과 침공하다 이집트",,,,,,https://www.jw.org/finder?srcid=jwlshare&wtlocale=E&prefer=lang&docid=1200003200&par=9,Historical
3,-593,3,25,,,에스겔 sees visionary 성전,,,,,,https://www.jw.org/finder?srcid=jwlshare&wtlocale=E&prefer=lang&bible=26040001&pub=nwtsty,Historical
3,-593,,,,,여호와 instructs 에스겔 로 divide Promised 땅 again (Ez 45:1),,,,,,https://www.jw.org/finder?srcid=jwlshare&wtlocale=E&prefer=lang&docid=1102017180&par=5,Historical 
3,-591,3,15,,,에스겔 prophesies that 바빌론 will receive 이집트 as compensation,,,,,,https://www.jw.org/finder?srcid=jwlshare&wtlocale=E&prefer=lang&bible=26029017&pub=nwtsty,Historical
4,-591,,,,,에스겔 기록됨,,,,,,https://www.jw.org/finder?srcid=jwlshare&wtlocale=E&prefer=lang&docid=1001070071,Bible Book
4,-582,,,,,느부갓네살 죽다,,,,,,https://www.jw.org/finder?srcid=jwlshare&wtlocale=E&prefer=lang&docid=1101999026&par=4,Person
4,-580,,,,,1 Kings 기록됨,,,,,,https://www.jw.org/finder?srcid=jwlshare&wtlocale=E&prefer=lang&docid=1001070071,Bible Book
4,-580,,,,,2 Kings 기록됨,,,,,,https://www.jw.org/finder?srcid=jwlshare&wtlocale=E&prefer=lang&docid=1001070071,Bible Book
4,-580,,,,,예레미야 기록됨,,,,,,https://www.jw.org/finder?srcid=jwlshare&wtlocale=E&prefer=lang&docid=1001070071,Bible Book
4,-560,12,,,,키루스 Great 의 왕이 되다 페르시아,-530,,,,,https://www.jw.org/finder?srcid=jwlshare&wtlocale=E&prefer=lang&docid=1200001102&par=6,Historical
6,-539,,,,,메디아-페르시아가 세계 강국이 되다,-331,,,,,https://www.jw.org/finder?srcid=jwlshare&wtlocale=E&prefer=lang&docid=1001070229,Wold Power
4,-539,10,5,,,바빌론 함락되다 에 밤 의 5 로 6 October,,,,,,https://www.jw.org/finder?srcid=jwlshare&wtlocale=E&prefer=lang&docid=1101999026&par=7,Historical
5,-537,,,,,"약 50,000 Jewish 유배시키다 return 에서 바빌론 아래에서 leadership 의 스룹바벨 (or 세스바살)",,,,,,https://www.jw.org/finder?wtlocale=E&docid=1200002227&srctype=wol&srcid=share&par=32,Historical
5,-537,10,,,,Jews that 돌아오다 로 Promised 땅 offered their 최초의 희생 제물,,,,,,https://www.jw.org/finder?wtlocale=E&docid=2006044&srctype=wol&srcid=share&par=20,Historical
4,-536,,,,,Daniël 기록됨,,,,,,https://www.jw.org/finder?srcid=jwlshare&wtlocale=E&prefer=lang&docid=1001070071,Bible Book
4,-536,,,,,Foundation 의 성전 에서 예루살렘 laid by 스룹바벨,,,,,,https://www.jw.org/finder?wtlocale=E&docid=1102003108&srctype=wol&srcid=share&par=9,Historical
5,-356,,,,,알렉산더 대왕 is 태어나다 at Pella,,,,,,https://www.jw.org/finder?srcid=jwlshare&wtlocale=E&prefer=lang&docid=1200000192&par=3,Person
3,-530,,,,,"Persian 왕 키루스 죽다, Cambyses alias Ahasuerus replaces him",,,,,,https://www.jw.org/finder?srcid=jwlshare&wtlocale=E&prefer=lang&docid=2006044&par=47,Historical
3,-530,,,,,Cambyses or Ahasuerus - 왕 의 페르시아,-522,1,,,,https://www.jw.org/finder?srcid=jwlshare&wtlocale=E&prefer=lang&docid=2006044&par=47,Historical
3,-522,1,,,,Artaxerxes or Bardiya or Gaumata - 왕 의 페르시아,-522,8,,,,https://www.jw.org/finder?srcid=jwlshare&wtlocale=E&prefer=lang&docid=2006044&par=30,Historical
4,-522,,,,,금지 에 성전 construction,,,,,,https://www.jw.org/finder?srcid=jwlshare&wtlocale=E&prefer=lang&docid=2006044&par=30,Historical
4,-522,8,,,,Darius I - 왕 의 페르시아,-486,,,,,https://www.jw.org/finder?srcid=jwlshare&wtlocale=E&prefer=lang&docid=2006044&par=49,Historical
4,-520,,,,,Haggai 기록됨,,,,,,https://www.jw.org/finder?srcid=jwlshare&wtlocale=E&prefer=lang&docid=1001070071,Bible Book
3,-520,,,,,금지 에 성전 construction lifted,,,,,,,Historical
5,-523,,,,26000,Haggai,-510,,,,26000,https://www.jw.org/finder?srcid=jwlshare&wtlocale=E&prefer=lang&docid=1200001812&par=1,Prophet
4,-518,,,,,스가랴 기록됨,,,,,,https://www.jw.org/finder?srcid=jwlshare&wtlocale=E&prefer=lang&docid=1001070071,Bible Book
5,-520,,,,26000,스가랴,-508,,,,26000,https://www.jw.org/finder?srcid=jwlshare&wtlocale=E&prefer=lang&docid=1200004681&par=23,Prophet
4,-515,2,18,,,재건 성전 완료되다 (스룹바벨),,,,,,https://www.jw.org/finder?wtlocale=E&docid=1101972021&srctype=wol&srcid=share&par=26,Historical
4,-496,,,,,Xerxes I or Ahasuerus - 왕 의 페르시아,-475,,,,,https://www.jw.org/finder?srcid=jwlshare&wtlocale=E&prefer=lang&docid=2006044&par=50,Historical
3,-493,,,,,Vashti refuses 로 appear at banquet 의 Ahasuerus,,,,,,https://www.jw.org/finder?srcid=jwlshare&wtlocale=E&prefer=lang&docid=2006162&par=7,Historical
4,-489,12,,,,Esther 여왕이 되다 과 wife 의 Ahasuerus,,,,,,https://www.jw.org/finder?srcid=jwlshare&wtlocale=E&prefer=lang&docid=1200000142&par=7,Historical
4,-484,4,11,,,Haman sends couriers 와 함께 plan 로 commit genocide 로 Jews 에 Adar 13,,,,,,https://www.jw.org/finder?srcid=jwlshare&wtlocale=E&prefer=lang&docid=1200003588&par=3,Historical
4,-484,6,7,,,Mordecai sends couriers 와 함께 updated plan 동안 Adar 13,,,,,,https://www.jw.org/finder?srcid=jwlshare&wtlocale=E&prefer=lang&bible=17008009&pub=nwtsty,Historical
3,-483,2,28,,,13 adar: Jews exteminate their enemies,,,,,,https://www.jw.org/finder?srcid=jwlshare&wtlocale=E&prefer=lang&bible=17009001&pub=nwtsty,Historical
3,-483,2,29,,,14 adar: Jews exterminate remaining enemies,,,,,,https://www.jw.org/finder?srcid=jwlshare&wtlocale=E&prefer=lang&bible=17009015&pub=nwtsty,Historical
3,-483,2,30,,,15 adar: Jews have 평화 과 set celebration 의 Poerim,,,,,,https://www.jw.org/finder?srcid=jwlshare&wtlocale=E&prefer=lang&bible=17009018&pub=nwtsty,Historical
5,-483,,,,129600,Ezra,-456,,,,25920,https://www.jw.org/finder?srcid=jwlshare&wtlocale=E&prefer=lang&docid=1102006141&par=5,Prophet
3,-480,,,,,"Xerxes I 의 페르시아 moves force 의 2,317,610 남자들 against 그리스",,,,,,https://www.jw.org/finder?srcid=jwlshare&wtlocale=E&prefer=lang&docid=1101999032&par=10,Historical
4,-475,,,,,Artaxerxes Longimanus - 왕 의 페르시아,-424,,,,,https://www.jw.org/finder?srcid=jwlshare&wtlocale=E&prefer=lang&docid=2006044&par=51,Historical
4,-475,,,,,Esther 기록됨,,,,,,https://www.jw.org/finder?srcid=jwlshare&wtlocale=E&prefer=lang&docid=1001070071,Bible Book
5,-471,,,,69120,Nehemiah,-440,,,,43200,https://www.jw.org/finder?srcid=jwlshare&wtlocale=E&prefer=lang&docid=1102006141&par=5,Prophet
4,-468,3,27,,,Ezra travels 에서 바빌론 로 예루살렘 와 함께 Jewish remnant,,,,,,https://www.jw.org/finder?srcid=jwlshare&wtlocale=E&prefer=lang&docid=1200001475&par=6,Historical
3,-468,9,,,720,Ezra 과 group 의 Jews arrive 에서 예루살렘,,,,,,https://www.jw.org/finder?srcid=jwlshare&wtlocale=E&prefer=lang&bible=15007009&pub=nwtsty,Historical
3,-468,12,5,,,"issue 와 함께 foreign 여자들 made 공개, but postponed. Reason: 남자들 were ‘shivering because 의 matter 과 because 의 heavy rain’",,,,,,https://www.jw.org/finder?srcid=jwlshare&wtlocale=E&prefer=lang&bible=15010009&pub=nwtsty,Historical
3,-468,12,15,,,Official start 의 investigation 약 foreign 여자들,,,,,,https://www.jw.org/finder?srcid=jwlshare&wtlocale=E&prefer=lang&bible=15010016&pub=nwtsty,Historical
3,-467,3,15,,,Matter 약 foreign 여자들 settled,,,,,,https://www.jw.org/finder?srcid=jwlshare&wtlocale=E&prefer=lang&bible=15010017&pub=nwtsty,Historical
4,-460,,,,,1 Chronicles 기록됨,,,,,,https://www.jw.org/finder?srcid=jwlshare&wtlocale=E&prefer=lang&docid=1001070071,Bible Book
4,-460,,,,,2 Chronicles 기록됨,,,,,,https://www.jw.org/finder?srcid=jwlshare&wtlocale=E&prefer=lang&docid=1001070071,Bible Book
4,-460,,,,,Ezra 기록됨,,,,,,https://www.jw.org/finder?srcid=jwlshare&wtlocale=E&prefer=lang&docid=1001070071,Bible Book
4,-460,,,,,Psalms 완료되다,,,,,,https://www.jw.org/finder?srcid=jwlshare&wtlocale=E&prefer=lang&docid=1001070071,Bible Book
4,-456,12,1,,360,"During 20th 년 의 왕 Artaxerxes, 에서 개월 Chislev (November-December), Nehemiah, while 에서 Shushan castle, received visitors, his brother Hanani 과 other 남자들 에서 유다.",,,,,,https://www.jw.org/finder?srcid=jwlshare&wtlocale=E&prefer=lang&docid=1200003212&par=6,Historical
3,-455,4,1,,,"If it pleases 왕..., send me 로 유다’ (Nehemiah 2:5)",,,,,,https://www.jw.org/finder?srcid=jwlshare&wtlocale=E&prefer=lang&docid=1200003915&par=13,Person
4,-455,7,18,,,Issuing 의 word 로 restore 과 rebuild 예루살렘,,,,,,https://www.jw.org/finder?wtlocale=E&docid=101971881&srctype=wol&srcid=share&par=15,Historical
2,-455,9,10,,,예루살렘’s walls rebuilt 에서 52 일 (by Nehemiah),-455,9,10,,,https://www.jw.org/finder?srcid=jwlshare&wtlocale=E&prefer=lang&bible=16006015&pub=nwtsty,Period
5,-455,7,18,,,7 weeks (Dan. 9:25),-406,7,18,,,https://www.jw.org/finder?srcid=jwlshare&wtlocale=E&prefer=lang&docid=1102015160&par=41,Period
5,-406,7,18,,,62 weeks (Dan. 9:25),29,7,18,,,https://www.jw.org/finder?srcid=jwlshare&wtlocale=E&prefer=lang&docid=1102021350&par=15,Period
4,29,7,18,,,1 week (Dan. 9:27),36,7,18,,,https://www.jw.org/finder?srcid=jwlshare&wtlocale=E&prefer=lang&docid=1102015160&par=42,Period
6,-455,7,18,,,70 weeks (Dan. 9:24),36,7,18,,,https://www.jw.org/finder?srcid=jwlshare&wtlocale=E&prefer=lang&docid=1102021350&par=15,Period
4,-455,9,15,,,돌아오다 Jews gather at 공개 square 로 listen 로 reading 의 Law (Neh. 8:1),,,,,,https://www.jw.org/finder?srcid=jwlshare&wtlocale=E&prefer=lang&docid=2013766&par=9,Historical
4,-455,9,16,,,They learn that they need 로 celebrate 초막절 (Neh 8:14),,,,,,https://www.jw.org/finder?srcid=jwlshare&wtlocale=E&prefer=lang&docid=2013766&par=11,Historical
4,-455,9,16,,,초막절,-455,9,23,,,https://www.jw.org/finder?srcid=jwlshare&wtlocale=E&prefer=lang&docid=2013766&par=11,Historical
4,-455,10,9,,,At Tisjri 24 Jews publicly show repentance (Neh 9:1),,,,,,https://www.jw.org/finder?srcid=jwlshare&wtlocale=E&prefer=lang&bible=16009001&pub=nwtsty,Historical
4,-443,,,,,Nehemiah 기록됨,,,,,,https://www.jw.org/finder?srcid=jwlshare&wtlocale=E&prefer=lang&docid=1001070071,Bible Book
4,-433,,,,,Malachi 기록됨,,,,,,https://www.jw.org/finder?srcid=jwlshare&wtlocale=E&prefer=lang&docid=1001070071,Bible Book
5,-453,,,,43200,Malachi,-430,,,,43200,https://www.jw.org/finder?srcid=jwlshare&wtlocale=E&prefer=lang&docid=1102006141&par=5,Prophet
4,-406,,,,,재건 의 예루살렘 is evidently 완료되다,,,,,,https://www.jw.org/finder?srcid=jwlshare&wtlocale=E&prefer=lang&docid=1101999030&par=28,Historical
4,-356,,,,,알렉산더 대왕,-323,,,,,https://www.jw.org/finder?srcid=jwlshare&wtlocale=E&prefer=lang&docid=1101999028&par=137,Historical
3,-340,,,,,알렉산더 대왕 went back 로 Pella 로 rule Macedonia 에서 absence 의 his father,,,,,,https://www.jw.org/finder?srcid=jwlshare&wtlocale=E&prefer=lang&docid=1101999028&par=140,Historical
3,-336,,,,,20-년-old 알렉산더 대왕 inherits throne,,,,,,https://www.jw.org/finder?srcid=jwlshare&wtlocale=E&prefer=lang&docid=1101999028&par=142,Historical
4,-332,7,,,,Island Tyre 파괴되다 by 알렉산더 대왕,,,,,,https://www.jw.org/finder?srcid=jwlshare&wtlocale=E&prefer=lang&docid=1200000192&par=5,Historical
6,-331,7,1,,,그리스가 세계 강국이 되다,-63,,,,,https://www.jw.org/finder?srcid=jwlshare&wtlocale=E&prefer=lang&docid=1001070229,Wold Power
4,-305,,,,,프톨레마이오스 1세 assumed title 의 왕. Ptolemaic dynasty.,,,,,,https://www.jw.org/finder?srcid=jwlshare&wtlocale=E&prefer=lang&docid=1101999032&par=19,Historical
4,-301,,,,,"Alexander’s empire divided 안으로 4 Hellenistic 왕국들: Cassander, 리시마코스, 셀레우코스 1세 니카토르 과 프톨레마이오스 1세.",,,,,,https://www.jw.org/finder?srcid=jwlshare&wtlocale=E&prefer=lang&docid=1101999032&par=15,Historical
4,-285,,,,,프톨레마이오스 2세 (Ptolemaic dynasty),-246,,,,,https://www.jw.org/finder?wtlocale=E&docid=1996046&srctype=wol&srcid=share&par=12,Historical
4,-285,,,,,리시마코스 차지하다 possession 의 Cassander’s part (Cassander died),,,,,,https://www.jw.org/finder?srcid=jwlshare&wtlocale=E&prefer=lang&docid=1101999032&par=17,Historical
4,-281,,,,,셀레우코스 1세 니카토르 지배권을 장악하다 넘어 리시마코스’ part. Seleucid dynasty,,,,,,https://www.jw.org/finder?srcid=jwlshare&wtlocale=E&prefer=lang&docid=1101999032&par=17,Historical
4,-280,,,,,Septuagint begun,,,,,,https://www.jw.org/finder?wtlocale=E&docid=1200002391&srctype=wol&srcid=share&par=9,Historical
4,-250,,,,,안티오코스 2세 (Seleucid dynasty) marries 베레니케 (daughter 의 프톨레마이오스 2세 - Ptolemaic dynasty),,,,,,https://www.jw.org/finder?srcid=jwlshare&wtlocale=E&prefer=lang&docid=1101999032&par=25,Historical
4,-246,,,,,"Seleucus II Callinicus (Seleucid dynasty), son 의 라오디케",-226,,,,,https://www.jw.org/finder?wtlocale=E&docid=1101999032&srctype=wol&srcid=share&par=26,Historical
4,-246,,,,,프톨레마이오스 3세 (Ptolemaic dynasty),-221,,,,,https://www.jw.org/finder?wtlocale=E&docid=1101999032&srctype=wol&srcid=share&par=28,Historical
4,-246,,,,,안티오코스 2세 (Seleucid dynasty) remarries 라오디케,,,,,,https://www.jw.org/finder?srcid=jwlshare&wtlocale=E&prefer=lang&docid=1101999032&par=26,Historical
4,-198,,,,,유다 아래에서 domination 의 Syrian 북쪽 왕,,,,,,https://www.jw.org/finder?srcid=jwlshare&wtlocale=E&prefer=lang&docid=1101999032&par=40,Historical
3,-168,12,10,,,Antiochus IV Epiphane sacrificie pig 에 altaar van de tempel 에서 Jeruzalem.,,,,,,https://www.jw.org/finder?srcid=jwlshare&wtlocale=E&prefer=lang&docid=1200001506&par=2,Historical
4,-165,12,10,,,Rededication 의 성전 후 desecration by Greek idolatry (Festival 의 Dedication),,,,,,https://www.jw.org/finder?wtlocale=E&docid=101990884&srctype=wol&srcid=share&par=14,Historical
4,-86,,,,,안나,10,,,,172800,https://www.jw.org/en/library/videos/#en/mediaitems/VODPgmEvtGilead/pub-jwb-085_12_VIDEO,Person
4,-65,,,,17280,헤롯 대왕,-1,8,1,,5040,https://www.jw.org/finder?srcid=jwlshare&wtlocale=E&prefer=lang&docid=1200002000&par=24,Historical
6,-63,,,,,로마가 세계 강국이 되다,1914,,,,,https://www.jw.org/finder?srcid=jwlshare&wtlocale=E&prefer=lang&docid=1001070229,Wold Power
4,-55,,,,,율리우스 카이사르 invaded Britannia,,,,,,https://www.jw.org/finder?srcid=jwlshare&wtlocale=E&prefer=lang&docid=1101999028&par=29,Historical
4,-40,,,,,헤롯 대왕 왕이 되다,,,,,,https://www.jw.org/finder?srcid=jwlshare&wtlocale=E&prefer=lang&docid=1200002000&par=20,Historical
4,-37,,,,,Herod (appointed 왕 by 로마) 차지하다 예루살렘,,,,,,https://www.jw.org/finder?srcid=jwlshare&wtlocale=E&prefer=lang&docid=1200002000&par=19,Historical
4,-27,,,,,카이사르 아우구스투스,14,8,17,,,https://www.jw.org/finder?srcid=jwlshare&wtlocale=E&prefer=lang&docid=1200000468&par=4,Historical
3,-10,,,,,헤롯 아그리파 1세,44,,,,,https://www.jw.org/finder?srcid=jwlshare&wtlocale=E&prefer=lang&bible=44012001&pub=nwtsty,Person
3,-3,7,,,,천사 Gabriel foretells birth 의 침례자 요한 로 스가랴,,,,,,https://www.jw.org/finder?srcid=jwlshare&wtlocale=E&prefer=lang&docid=1200005280&par=4,Historical
3,-2,1,,,,천사 Gabriel foretells birth 의 예수 로 마리아,,,,,,https://www.jw.org/finder?srcid=jwlshare&wtlocale=E&prefer=lang&docid=1200002918&par=7,Historical
4,-2,4,,,,침례자 요한,31,10,,,8640,https://www.jw.org/finder?wtlocale=E&docid=1200002451&srctype=wol&srcid=share&par=39,Person
6,-2,10,1,,,예수가 태어나다,,,,,,https://www.jw.org/finder?srcid=jwlshare&wtlocale=E&prefer=lang&docid=1200002451&par=34,Person
2,-2,10,8,,,예수’ 할례 에 8th 일,,,,,,https://www.jw.org/finder?srcid=jwlshare&wtlocale=E&prefer=lang&bible=42002021&pub=nwtsty,Historical
2,-2,11,11,,,Presented 에서 성전 by parents (후 40th 일),,,,,,https://www.jw.org/finder?srcid=jwlshare&wtlocale=E&prefer=lang&docid=1101990130&par=118,Historical
2,-1,1,10,,,Total eclipse 의 moon,,,,,,https://www.jw.org/finder?srcid=jwlshare&wtlocale=E&prefer=lang&docid=1200000970&par=79,Historical
2,-1,,,,,"요셉, 마리아 과 Jezus return 에서 Egypte",,,,,,https://www.jw.org/finder?srcid=jwlshare&wtlocale=E&prefer=lang&bible=40002020&pub=nwtsty,Historical
4,3,,,,25920,바울,65,,,,,https://www.jw.org/finder?wtlocale=E&docid=1966082&srctype=wol&srcid=share&par=26,Person
3,4,,,,,카이사르 아우구스투스 adopted 티베리우스 과 made him heir 로 throne,,,,,,https://www.jw.org/finder?srcid=jwlshare&wtlocale=E&prefer=lang&docid=1101999034&par=12,Historical
3,6,6,,,,안나스 대제사장,15,,,,,https://www.jw.org/finder?srcid=jwlshare&wtlocale=E&prefer=lang&docid=2006043&par=12,Priest
4,12,4,8,,24,Twelve-년-old 예수 at 성전 questions teachers,,,,,,https://www.jw.org/finder?srcid=jwlshare&wtlocale=E&prefer=lang&bible=42002042&pub=nwtsty,Historical
4,14,9,15,,,Caesar 티베리우스,37,3,,,,https://www.jw.org/finder?srcid=jwlshare&wtlocale=E&prefer=lang&docid=1200004398&par=4,Historical
3,16,,,,8640,바울 studies 에서 학교 의 Gamaliel,,,,,,https://www.jw.org/finder?wtlocale=E&docid=1966082&srctype=wol&srcid=share&par=27,Historical
3,18,,,,,가야바 대제사장,36,,,,,https://www.jw.org/finder?srcid=jwlshare&wtlocale=E&prefer=lang&docid=2006043&par=13,Priest
3,21,,,,77760,요셉 (예수’ adoptive father) 죽다,,,,,,https://www.jw.org/finder?srcid=jwlshare&wtlocale=E&prefer=lang&docid=2019320&par=17,Person
3,21,,,,,퀴리니우스 (mentioned 에서 Luk 2:2) 죽다,,,,,,https://www.jw.org/finder?srcid=jwlshare&wtlocale=E&prefer=lang&docid=1200003607&par=4,Historical
3,26,,,,,빌라도 appointed as 총독 의 Judea,,,,,,https://www.jw.org/finder?srcid=jwlshare&wtlocale=E&prefer=lang&docid=1971404&par=3,Person
3,29,3,1,,,침례자 요한 봉사를 시작하다,29,9,30,,,https://www.jw.org/finder?srcid=jwlshare&wtlocale=E&prefer=lang&docid=1101991013&par=3,Prophet
4,29,10,1,,,예수가 침례받다,,,,,,https://www.jw.org/finder?srcid=jwlshare&wtlocale=E&prefer=lang&docid=1101991014&par=3,Historical
1,29,10,1,,,"Jezus identified as ‘seed’, Messiah, future 판사, 과 appointed 왕 (요한 1:17 과 4:25, 26 과 Acts 10:42, 43 과 2 Cor 1:20 과 1 Tim 3:16)",,,,,,https://www.jw.org/finder?srcid=jwlshare&wtlocale=E&prefer=lang&docid=1997403&par=57,Sacred secret
3,29,10,1,,,예수가 광야에 있다,29,11,10,,,https://www.jw.org/finder?srcid=jwlshare&wtlocale=E&prefer=lang&docid=1101991015&par=3,Period
3,29,11,10,,24,Jezus 3x tempted by 사탄,,,,,,https://www.jw.org/finder?srcid=jwlshare&wtlocale=E&prefer=lang&bible=40004002&pub=nwtsty,Historical
3,29,11,11,,,제자들 안드레 과 요한 과 베드로 과 야고보 follow 예수,,,,,,https://www.jw.org/finder?srcid=jwlshare&wtlocale=E&prefer=lang&docid=1101991016&par=3,Historical
3,29,11,12,,,제자들 빌립 과 나다나엘 follow 예수,,,,,,https://www.jw.org/finder?srcid=jwlshare&wtlocale=E&prefer=lang&docid=1101991016&par=11,Historical
3,29,11,13,,,예수’ 최초의 기적 에서 Cana,,,,,,https://www.jw.org/finder?srcid=jwlshare&wtlocale=E&prefer=lang&docid=1101991017&par=3,Historical
3,30,4,1,,,예수가 성전을 깨끗하게 하다,,,,,,https://www.jw.org/finder?srcid=jwlshare&wtlocale=E&prefer=lang&docid=1200004601&par=5,Historical
3,30,6, ,,1440,"예수 calls 4 제자들: Simon 과 안드레, 야고보 과 요한",,,,,,https://www.jw.org/finder?srcid=jwlshare&wtlocale=E&prefer=lang&docid=1967001&par=15,Historical
3,30,,,,,최초의 tour 의 갈릴리 (와 함께 four),,,,,,https://www.jw.org/finder?srcid=jwlshare&wtlocale=E&prefer=lang&docid=1001070209,Historical
4,31,,,,43200,디모데,70,,,,172800,https://www.jw.org/finder?srcid=jwlshare&wtlocale=E&prefer=lang&docid=2020688&par=4,Person
3,31,4,1,,,예수 chooses 12 사도들,,,,,,https://www.jw.org/finder?srcid=jwlshare&wtlocale=E&prefer=lang&docid=1001070209,Historical
3,31,4,,,,두 번째 전파 활동 tour (와 함께 12),,,,,,https://www.jw.org/finder?srcid=jwlshare&wtlocale=E&prefer=lang&docid=1001070209,Historical
1,31,6,,,4320,"예수 reveals that he will have fellow rulers 과 판사들, that heavenly 왕국 will have earthly subjects, 과 that all his followers are 로 be 왕국 전파자들",,,,,,https://www.jw.org/finder?srcid=jwlshare&wtlocale=E&prefer=lang&docid=1997403&par=58,Sacred secret
3,31,10,12,,,"루키우스 세야누스 (friend 의 Pontius 빌라도) amidst suspicions 의 conspiracy against 티베리우스, was 체포되다 과 executed",,,,,,https://en.wikipedia.org/wiki/Sejanus,Historical
3,32,3,,,,"예수 feeds 5,000 남자들",,,,,,https://www.jw.org/finder?srcid=jwlshare&wtlocale=E&prefer=lang&docid=1001070210,Historical
3,32,6,,,1440,Transfiguration,,,,,,https://www.jw.org/finder?srcid=jwlshare&wtlocale=E&prefer=lang&docid=1001070211,Historical
3,32,10,1,,,예수 sends out 70,,,,,,https://www.jw.org/finder?srcid=jwlshare&wtlocale=E&prefer=lang&docid=1001070211,Historical
3,32,12,,,,나사로 죽다 과 is 부활하다,,,,,,https://www.jw.org/finder?srcid=jwlshare&wtlocale=E&prefer=lang&docid=1001070212,Historical
1,33,3,23,12,8,예수 arrives 에서 베다니,,,,,,https://www.jw.org/finder?srcid=jwlshare&wtlocale=E&prefer=lang&docid=1001070213,Historical
2,33,3,24,,,예수 enters 예루살렘 riding 에 donkey,,,,,,https://www.jw.org/finder?srcid=jwlshare&wtlocale=E&prefer=lang&docid=1001070213,Historical
2,33,3,23,20,2,마리아 pours oil 에 예수,,,,,,https://www.jw.org/finder?srcid=jwlshare&wtlocale=E&prefer=lang&docid=1001070213,Historical
2,33,3,25,,,예수 cleanses 성전 again,,,,,,https://www.jw.org/finder?srcid=jwlshare&wtlocale=E&prefer=lang&docid=1001070213,Historical
1,33,3,26,15,3,예수 observes widow’s contribution,,,,,,https://www.jw.org/finder?srcid=jwlshare&wtlocale=E&prefer=lang&docid=1001070213,Historical
1,33,3,26,,,"예수 reveals that 왕국 will be established at definite time, as corroborated by world events. (Matthew 24:3-22 과 Luke 21:24)",,,,,,https://www.jw.org/finder?srcid=jwlshare&wtlocale=E&prefer=lang&docid=1997403&par=59,Heilig geheim
1,33,3,26,,,"예수’ illustration 의 slaves receiving 5, 2, 1 talents (Mt 25)",,,,,,https://www.jw.org/finder?srcid=jwlshare&wtlocale=E&prefer=lang&docid=1001070213,Historical
1,33,3,26,,,예수’ illustration 의 sheep 과 goats (Mt 25:33),,,,,,https://www.jw.org/finder?srcid=jwlshare&wtlocale=E&prefer=lang&docid=1001070213,Historical
1,33,3,27,,,유다 arranges 예수’ betrayal,,,,,,https://www.jw.org/finder?srcid=jwlshare&wtlocale=E&prefer=lang&docid=1001070213,Historical
1,33,3,28,13,5,예수 prepares 동안 마지막 유월절,,,,,,https://www.jw.org/finder?srcid=jwlshare&wtlocale=E&prefer=lang&docid=1001070213,Historical
3,33,3,28,20,1,예수 eats 유월절 와 함께 사도들,,,,,,https://www.jw.org/finder?srcid=jwlshare&wtlocale=E&prefer=lang&docid=1001070213,Historical
0,33,3,28,24,1,Illustration 의 true vine,,,,,,https://www.jw.org/finder?srcid=jwlshare&wtlocale=E&prefer=lang&docid=1001070214,Historical
0,33,3,29,1,1,예수’ high-priestly 기도 에서 Joh 17,,,,,,https://www.jw.org/finder?srcid=jwlshare&wtlocale=E&prefer=lang&docid=1001070214,Historical
0,33,3,29,2,1,예수 goes 와 함께 제자들 로 겟세마네,,,,,,https://www.jw.org/finder?srcid=jwlshare&wtlocale=E&prefer=lang&docid=1001070214,Historical
2,33,3,29,3,1,예수가 체포되다,,,,,,https://www.jw.org/finder?srcid=jwlshare&wtlocale=E&prefer=lang&docid=1101991120&par=3,Person
0,33,3,29,4,1,"예수 is led 로 안나스, then 로 가야바",,,,,,https://www.jw.org/finder?srcid=jwlshare&wtlocale=E&prefer=lang&docid=1001070214,Historical
0,33,3,29,5,1,베드로 denies 예수 에서 courtyard at 가야바’ 집,,,,,,https://www.jw.org/finder?srcid=jwlshare&wtlocale=E&prefer=lang&docid=1001070214,Historical
0,33,3,29,6,1,예수 is led 로 Sanhedrin,,,,,,https://www.jw.org/finder?srcid=jwlshare&wtlocale=E&prefer=lang&docid=1101991123&par=3,Historical
0,33,3,29,6,1,유다 commits suicide,,,,,,https://www.jw.org/finder?srcid=jwlshare&wtlocale=E&prefer=lang&bible=40027001&pub=nwtsty,Historical
0,33,3,29,7,1,예수 is led 로 빌라도,,,,,,https://www.jw.org/finder?srcid=jwlshare&wtlocale=E&prefer=lang&docid=1101991123&par=11,Historical
0,33,3,29,8,1,예수 is led 로 Herod,,,,,,https://www.jw.org/finder?srcid=jwlshare&wtlocale=E&prefer=lang&docid=1101991124&par=10,Historical
0,33,3,29,9,1,예수 is led back 로 빌라도,,,,,,https://www.jw.org/finder?srcid=jwlshare&wtlocale=E&prefer=lang&docid=1101991124&par=12,Historical
0,33,3,29,10,1,Simon 의 Cyrene is impressed 안으로 service 로 carry torture stake 동안 예수,,,,,,https://www.jw.org/finder?srcid=jwlshare&wtlocale=E&prefer=lang&docid=1991043&par=15,Person
0,33,3,29,11,1,예수 is nailed 로 torture stake,,,,,,https://www.jw.org/finder?srcid=jwlshare&wtlocale=E&prefer=lang&bible=42023033&pub=nwtsty,Historical
0,33,3,29,12,,Darkness 함락되다 넘어 earth,,,,,,https://www.jw.org/finder?srcid=jwlshare&wtlocale=E&prefer=lang&bible=40027045&pub=nwtsty,Person
6,33,3,29,15,,예수가 죽다,,,,,,https://www.jw.org/finder?srcid=jwlshare&wtlocale=E&prefer=lang&docid=1200002451&par=34,Person
6,33,3,29,15,,예수가 죽어 있다,33,4,1,6,,https://www.jw.org/finder?srcid=jwlshare&wtlocale=E&prefer=lang&docid=1200002451&par=34,Person
1,33,3,29,17,,예수 is placed 에서 new tomb,,,,,,https://www.jw.org/finder?wtlocale=E&docid=1101989036&srctype=wol&srcid=share&par=27,Person
1,33,3,29,18,,안식일 시작되다,,,,,,https://www.jw.org/finder?wtlocale=E&docid=1200003547&srctype=wol&srcid=share&par=4,Person
2,33,3,30,12,12,Overpriests 과 pharisees request 빌라도 that grave be made secure 와 함께 guards,,,,,,https://www.jw.org/finder?srcid=jwlshare&wtlocale=E&prefer=lang&bible=40027066&pub=nwtsty,Historical
0,33,3,30,18,,"안식일 끝나다 - 마리아 Magdalene, 마리아 (mother 의 야고보) 과 Salome buy spices 동안 greasing 예수’ body",,,,,,https://www.jw.org/finder?wtlocale=E&docid=1974249&srctype=wol&srcid=share&par=18,Person
3,33,4,1,6,,"Nisan 16, 예수가 부활하다",,,,,,https://www.jw.org/finder?srcid=jwlshare&wtlocale=E&prefer=lang&docid=1989603&par=10,Person
0,33,4,1,7,1,"마리아 Magdelena, 마리아 (mother 의 야고보) find 최초의 empty grave, then two 천사들, then 예수",,,,,,https://www.jw.org/finder?srcid=jwlshare&wtlocale=E&prefer=lang&bible=43020001&pub=nwtsty,Historical
0,33,4,1,10,2,예수 appears 로 글레오바 과 another disciple 에 road 로 Emmaus,,,,,,https://www.jw.org/finder?srcid=jwlshare&wtlocale=E&prefer=lang&bible=42024013&pub=nwtsty,Historical
0,33,4,1,18,2,예수 appears 로 베드로,,,,,,https://www.jw.org/finder?srcid=jwlshare&wtlocale=E&prefer=lang&bible=42024034&pub=nwtsty,Historical
0,33,4,1,19,2,예수 appears 로 제자들 에서 locked room (도마 is absent),,,,,,https://www.jw.org/finder?srcid=jwlshare&wtlocale=E&prefer=lang&bible=42024036&pub=nwtsty,Historical
1,33,4,9,,12,예수 appears 로 제자들 에서 locked room 과 convinces 도마,,,,,,https://www.jw.org/finder?srcid=jwlshare&wtlocale=E&prefer=lang&bible=43020026&pub=nwtsty,Historical
1,33,4,25,,360,예수 appears at Sea 의 갈릴리 과 cause miraculous catch,,,,,,https://www.jw.org/finder?srcid=jwlshare&wtlocale=E&prefer=lang&bible=43021001&pub=nwtsty,Historical
1,33,4,26,,360,예수 appears 로 이상 500 제자들 과 commands them 로 전파하다,,,,,,https://www.jw.org/finder?srcid=jwlshare&wtlocale=E&prefer=lang&bible=46015006&pub=nwtsty,Historical
1,33,4,27,,360,예수 appears 로 야고보,,,,,,https://www.jw.org/finder?srcid=jwlshare&wtlocale=E&prefer=lang&bible=46015007&pub=nwtsty,Historical
1,33,5,11,12,5,예수 appears 로 사도들 과 requests them 로 stay 에서 예루살렘 과 wait 동안 what Father has promised,,,,,,https://www.jw.org/finder?srcid=jwlshare&wtlocale=E&prefer=lang&bible=44001004&pub=nwtsty,Historical
1,33,5,11,13,5,예수 walks 에서 예루살렘 로 베다니 together 와 함께 제자들,,,,,,https://www.jw.org/finder?srcid=jwlshare&wtlocale=E&prefer=lang&bible=42024050&pub=nwtsty,Historical
3,33,5,11,15,5,"40 일 후 Nisan 16, 예수가 하늘로 돌아가다",,,,,,https://www.jw.org/finder?srcid=jwlshare&wtlocale=E&prefer=lang&docid=1989603&par=10,Person
3,33,5,21,9,,"Pentecost, 50 일 후 Nisan 16, 성령이 부어지다",,,,,,https://www.jw.org/finder?srcid=jwlshare&wtlocale=E&prefer=lang&bible=44002015&pub=nwtsty,Historical
1,33,5,21,14,5,3000 침례받다 과 anointed 와 함께 성령,,,,,,https://www.jw.org/finder?srcid=jwlshare&wtlocale=E&prefer=lang&bible=44002041&pub=nwtsty,Historical
3,33,7,,,,스데반 is stoned 로 죽음,,,,,,https://www.jw.org/finder?srcid=jwlshare&wtlocale=E&prefer=lang&docid=1102009048&par=5,Person
4,34,,,,,바울이 개종하다,,,,,,https://www.jw.org/finder?wtlocale=E&docid=1200000310&srctype=wol&srcid=share&par=18,Person
3,34,,,,,빌립 baptizes Ethiopian eunuch,,,,,,https://www.jw.org/finder?wtlocale=E&docid=1101975063&srctype=wol&srcid=share&par=22,Historical
4,36,7,18,,,End 의 70 weeks 의 년 (-455 로 36),,,,,,https://www.jw.org/finder?srcid=jwlshare&wtlocale=E&prefer=lang&docid=1200003915&par=18,Historical
3,36,11,6,,1080,베드로 visits 고넬료,,,,,,https://www.jw.org/finder?srcid=jwlshare&wtlocale=E&prefer=lang&docid=1102009052&par=5,Historical
3,36,,,,,바울’s quiet 년 (에서 Tarsus),45,,,,,https://www.jw.org/finder?wtlocale=E&docid=2000526&srctype=wol&srcid=share&par=24,Historical
4,37,,,,,Caesar 칼리굴라,41,,,,,https://nl.wikipedia.org/wiki/Caligula,Historical
3,37,,,,,빌라도 removed 에서 office 과 sent 로 로마,,,,,,https://www.jw.org/finder?wtlocale=E&docid=1200003485&srctype=wol&srcid=share&par=14,Historical
3,37,1,1,,8640,"가야바 removed 에서 office, committed suicide",,,,,,https://www.jw.org/finder?wtlocale=E&docid=1977052&srctype=wol&srcid=share&par=17,Historical
4,41,,,,,Caesar 클라우디우스 I,54,,,,,https://nl.wikipedia.org/wiki/Claudius_I,Historical
3,41,,,,,Matthew 기록됨,,,,,,https://www.jw.org/finder?srcid=jwlshare&wtlocale=E&prefer=lang&docid=1001070071,Bible Book
3,41,,,,,바울’s 환상 의 paradise (2 Cor. 12),,,,,,https://www.jw.org/finder?wtlocale=E&docid=1200003406&srctype=wol&srcid=share&par=11,Historical
3,43,,,,,황제 클라우디우스 시작하다 more permanent conquest 의 southern 브리튼,,,,,,https://www.jw.org/finder?srcid=jwlshare&wtlocale=E&prefer=lang&docid=1101999028&par=29,Historical
3,44,,,,,제자들 were 불리다 Christians (Acts 11:26),,,,,,https://www.jw.org/finder?srcid=jwlshare&wtlocale=E&prefer=lang&docid=1200000967&par=3,Historical
3,44,,,,,야고보 (요한’s brother) put 에서 감옥 by 헤롯 아그리파 1세 과 executed,,,,,,https://www.jw.org/finder?srcid=jwlshare&wtlocale=E&prefer=lang&docid=1200003451&par=22,Historical
3,44,,,,,"베드로 is put 에서 감옥 by 헤롯 아그리파 1세, but then 석방되다 by 천사",,,,,,https://www.jw.org/finder?srcid=jwlshare&wtlocale=E&prefer=lang&docid=1200003451&par=22,Historical
3,46,,,,,구호 임무 에서 예루살렘,,,,,,https://www.jw.org/finder?wtlocale=E&docid=1200003406&srctype=wol&srcid=share&par=12,Historical
3,47,,,,,바울’s 최초의 선교 여행,48,,,,,https://www.jw.org/finder?srcid=jwlshare&wtlocale=E&prefer=lang&docid=1001070234&par=110,Historical
3,49,,,,,중앙장로회 decides that 할례 is not required,,,,,,https://www.jw.org/finder?wtlocale=E&docid=1200003406&srctype=wol&srcid=share&par=15,Historical
3,49,,,,,바울’s 두 번째 선교 여행,52,,,,,https://www.jw.org/finder?srcid=jwlshare&wtlocale=E&prefer=lang&docid=1001070234&par=111,Historical
4,50,1,1,,2160,바울 chooses 디모데 as traveling companion,,,,,,https://www.jw.org/finder?srcid=jwlshare&wtlocale=E&prefer=lang&docid=1200004416&par=3,Person
3,51,,,,4320,Jews 에서 Corinth turn against 바울 과 bring him 전에 판사 Gallio,,,,,,https://www.jw.org/finder?srcid=jwlshare&wtlocale=E&prefer=lang&docid=1102009063&par=20,Historical
3,52,,,,,Galatians 기록됨,,,,,,https://www.jw.org/finder?srcid=jwlshare&wtlocale=E&prefer=lang&docid=1001070071,Bible Book
3,50,11,,,2160,1 Thessalonians 기록됨,,,,,,https://www.jw.org/finder?srcid=jwlshare&wtlocale=E&prefer=lang&docid=1001070071,Bible Book
3,50,,,,4320,바울 visits Corinth (Acts 18:1),,,,,,https://www.jw.org/finder?srcid=jwlshare&wtlocale=E&prefer=lang&docid=1200001039&par=4,Person
3,50,,,,8640,Roman 황제 클라우디우스 requires all Jews 로 leave 로마,,,,,,https://www.jw.org/finder?srcid=jwlshare&wtlocale=E&prefer=lang&docid=2021286&par=10,Historical
3,51,,,,,2 Thessalonians 기록됨,,,,,,https://www.jw.org/finder?srcid=jwlshare&wtlocale=E&prefer=lang&docid=1001070071,Bible Book
3,52,,,,,바울’s 세 번째 선교 여행,56,,,,,https://www.jw.org/finder?srcid=jwlshare&wtlocale=E&prefer=lang&docid=1001070234&par=112,Historical
4,54,10,13,,,Caesar 네로,68,6,9,,,https://nl.wikipedia.org/wiki/Nero_(keizer),Historical
3,55,4,1,,2160,1 Corinthians 기록됨,,,,,,https://www.jw.org/finder?srcid=jwlshare&wtlocale=E&prefer=lang&docid=1001070071,Bible Book
1,55,4,1,,,바울 explains that 왕국 joint heirs will be 부활하다 로 불멸성 과 incorruption during Christ’s presence (1 Cor 15:51-54),,,,,,https://www.jw.org/finder?srcid=jwlshare&wtlocale=E&prefer=lang&docid=1997403&par=61,Sacred secret
3,55,,,,,바울 travels 로 예루살렘 together 와 함께 두기고 동안 구호 임무,,,,,,https://www.jw.org/finder?wtlocale=E&docid=1998522&srctype=wol&srcid=share&par=5,Historical
3,55,10,1,,2160,2 Corinthians 기록됨,,,,,,https://www.jw.org/finder?srcid=jwlshare&wtlocale=E&prefer=lang&docid=1001070071,Bible Book
3,56,,,,,Luke 기록됨,,,,,,https://www.jw.org/finder?srcid=jwlshare&wtlocale=E&prefer=lang&docid=1001070071,Bible Book
3,56,,,,,Romans 기록됨,,,,,,https://www.jw.org/finder?srcid=jwlshare&wtlocale=E&prefer=lang&docid=1001070071,Bible Book
3,56,,,,,바울 체포되다 에서 Jeruzalem 과 brought 전에 Sanhedrin (Acts 21-23),,,,,,https://www.jw.org/finder?srcid=jwlshare&wtlocale=E&prefer=lang&docid=2020642&par=9,Historical
3,56,,,,,빌립 lives 에서 Caesarea together 와 함께 his four daughters,,,,,,https://www.jw.org/finder?srcid=jwlshare&wtlocale=E&prefer=lang&docid=1200003466&par=10,Historical
3,58,,,,,바울‘s defense 전에 왕 아그리파 2세 (과 페스투스),,,,,,https://www.jw.org/finder?srcid=jwlshare&wtlocale=E&prefer=lang&docid=1200002000&par=55,Historical
3,58,,,,,바울 shipwrecked at 몰타 (Acts 27),,,,,,https://www.jw.org/finder?srcid=jwlshare&wtlocale=E&prefer=lang&docid=2020642&par=11,Historical
3,59,3,,,720,바울 최초의 touched Italian soil at Rhegium 에 ‘toe’ 의 Italy,,,,,,https://www.jw.org/finder?srcid=jwlshare&wtlocale=E&prefer=lang&docid=1200002234&par=7,Historical
3,59,,,,,바울’s imprisonment 에서 hired 집 에서 로마,61,,,,,https://www.jw.org/finder?srcid=jwlshare&wtlocale=E&prefer=lang&docid=2013126&par=2,Period
3,60,,,,,Mark 기록됨,,,,,,https://www.jw.org/finder?srcid=jwlshare&wtlocale=E&prefer=lang&docid=1001070071,Bible Book
3,60,,,,,Ephesians 기록됨,,,,,,https://www.jw.org/finder?srcid=jwlshare&wtlocale=E&prefer=lang&docid=1001070071,Bible Book
3,60,,,,,Philippians 기록됨,,,,,,https://www.jw.org/finder?srcid=jwlshare&wtlocale=E&prefer=lang&docid=1001070071,Bible Book
3,60,,,,,Colossians 기록됨,,,,,,https://www.jw.org/finder?srcid=jwlshare&wtlocale=E&prefer=lang&docid=1001070071,Bible Book
3,60,,,,,Philemon 기록됨,,,,,,https://www.jw.org/finder?srcid=jwlshare&wtlocale=E&prefer=lang&docid=1001070071,Bible Book
3,61,,,,,Acts 기록됨,,,,,,https://www.jw.org/finder?srcid=jwlshare&wtlocale=E&prefer=lang&docid=1001070071,Bible Book
3,61,,,,,1 디모데 기록됨,,,,,,https://www.jw.org/finder?srcid=jwlshare&wtlocale=E&prefer=lang&docid=1001070071,Bible Book
3,61,,,,,티투스 기록됨,,,,,,https://www.jw.org/finder?srcid=jwlshare&wtlocale=E&prefer=lang&docid=1001070071,Bible Book
3,61,,,,,Hebrews 기록됨,,,,,,https://www.jw.org/finder?srcid=jwlshare&wtlocale=E&prefer=lang&docid=1001070071,Bible Book
3,62,,,,,야고보 기록됨,,,,,,https://www.jw.org/finder?srcid=jwlshare&wtlocale=E&prefer=lang&docid=1001070071,Bible Book
3,63,,,,8640,1 베드로 기록됨,,,,,,https://www.jw.org/finder?srcid=jwlshare&wtlocale=E&prefer=lang&docid=1001070071,Bible Book
3,64,,,,,2 베드로 기록됨,,,,,,https://www.jw.org/finder?srcid=jwlshare&wtlocale=E&prefer=lang&docid=1001070071,Bible Book
3,64,7,,,,"Fire that ravaged 로마, followed by 박해 의 Christians, at instigation 의 네로",,,,,,https://www.jw.org/finder?wtlocale=E&docid=1200000967&srctype=wol&srcid=share&par=13,Historical
3,65,,,,,2 디모데 기록됨,,,,,,https://www.jw.org/finder?srcid=jwlshare&wtlocale=E&prefer=lang&docid=1001070071,Bible Book
3,65,,,,,Jude 기록됨,,,,,,https://www.jw.org/finder?srcid=jwlshare&wtlocale=E&prefer=lang&docid=1001070071,Bible Book
3,66,8,,720,,Zealots lead assault 에 Roman guards 에서 예루살렘,,,,,,https://www.jw.org/finder?srcid=jwlshare&wtlocale=E&prefer=lang&docid=1999322&par=9,Historical
3,66,9,,720,,Cestius Gallus retreats Roman army,,,,,,https://www.jw.org/finder?srcid=jwlshare&wtlocale=E&prefer=lang&docid=1999322&par=12,Historical
3,67,,,,,베스파시아누스 set 약 putting down Jewish uprising,,,,,,https://www.jw.org/finder?srcid=jwlshare&wtlocale=E&prefer=lang&docid=1200002227&par=40,Historical
3,68,,,,,네로’s unexpected 죽음 opens way 동안 베스파시아누스 로 become 황제,,,,,,https://www.jw.org/finder?srcid=jwlshare&wtlocale=E&prefer=lang&docid=1200002227&par=40,Historical
3,69,,,,,베스파시아누스 돌아오다 로 로마 과 let his son 티투스 continue campaign,,,,,,https://www.jw.org/finder?srcid=jwlshare&wtlocale=E&prefer=lang&docid=1200002227&par=40,Historical
5,70,4,3,,,예루살렘 과 성전 attacked by Romans (티투스),,,,,,https://www.jw.org/finder?srcid=jwlshare&wtlocale=E&prefer=lang&docid=1200002436&par=64,War
5,70,4,3,,,로마인들이 예루살렘과 성전을 파괴하다 (티투스),70,8,30,,,https://www.jw.org/finder?srcid=jwlshare&wtlocale=E&prefer=lang&docid=1200002436&par=64,War
3,73,,,,,"Masada, 마지막 Jewish stronghold, 함락되다 로 Romans",,,,,,https://www.jw.org/finder?srcid=jwlshare&wtlocale=E&prefer=lang&docid=1200002227&par=40,Historical
3,96,,,,,Revelation 기록됨,,,,,,https://www.jw.org/finder?srcid=jwlshare&wtlocale=E&prefer=lang&docid=1001070071,Bible Book
1,96,,,,,"예수, already ruling 넘어 his anointed followers, reveals that their 최종 number will be 144,000 (Eph 5:32 과 Col 1:13-20 과 Rev 1:1 과 14:1-3)",,,,,,https://www.jw.org/finder?srcid=jwlshare&wtlocale=E&prefer=lang&docid=1997403&par=62,Sacred secret
3,98,,,,,요한 기록됨,,,,,,https://www.jw.org/finder?srcid=jwlshare&wtlocale=E&prefer=lang&docid=1001070071,Bible Book
3,96,,,,,요한 석방되다 에서 exile 에서 Patmos,,,,,,https://www.jw.org/finder?srcid=jwlshare&wtlocale=E&prefer=lang&docid=1200003403&par=3,Historical
3,98,,,,,1 요한 기록됨,,,,,,https://www.jw.org/finder?srcid=jwlshare&wtlocale=E&prefer=lang&docid=1001070071,Bible Book
3,98,,,,,2 요한 기록됨,,,,,,https://www.jw.org/finder?srcid=jwlshare&wtlocale=E&prefer=lang&docid=1001070071,Bible Book
3,98,,,,,3 요한 기록됨,,,,,,https://www.jw.org/finder?srcid=jwlshare&wtlocale=E&prefer=lang&docid=1001070071,Bible Book
4,100,,,,,요한이 죽다 ( 마지막 의 사도들),,,,,,https://www.jw.org/finder?wtlocale=E&docid=1200002489&srctype=wol&srcid=share&par=33,Person
3,122,,,,,"황제 하드리아누스 건축하다 wall 에서 Tyne River 로 Solway Firth, marking northern limit 의 Roman Empire",,,,,,https://www.jw.org/finder?srcid=jwlshare&wtlocale=E&prefer=lang&docid=1101999028&par=29,Historical
3,125,,,,87600,Papyrus Rylands containing few verses 의 gospel 의 요한 기록됨,,,,,,https://www.jw.org/finder?wtlocale=E&docid=2015245&srctype=wol&srcid=share&par=9,Bible
3,130,,,,,하드리아누스 재건하다 예루살렘,,,,,,https://www.jw.org/finder?srcid=jwlshare&wtlocale=E&prefer=lang&docid=1200002436&par=66,Historical
3,200,,,,,심마쿠스 translates Hebrew 성경 안으로 Greek,,,,,,https://www.jw.org/finder?srcid=jwlshare&wtlocale=E&prefer=lang&docid=1200004554&par=10,Historical
3,225,,,,,Council 의 Carthage advocates infant baptism,,,,,,https://www.jw.org/finder?wtlocale=E&docid=1101989212&srctype=wol&srcid=share&par=14,Historical
3,245,,,,,오리게네스 complets Hexapla ( multiple version 의 Hebrew 성경),,,,,,https://www.jw.org/finder?srcid=jwlshare&wtlocale=E&prefer=lang&docid=1200004554&par=11,Historical
3,303,,,,,디오클레티아누스 decrees that Christian meeting places be razed 과 성경 burned,,,,,,https://www.jw.org/finder?srcid=jwlshare&wtlocale=E&prefer=lang&docid=2015921&par=21,Historical
5,313,,,,,콘스탄티누스 legalizes Christianity,,,,,,https://www.jw.org/finder?srcid=jwlshare&wtlocale=E&prefer=lang&docid=2016843&par=19,Historical
5,325,,,,,Council 의 Nicaea,,,,,,https://www.jw.org/finder?wtlocale=E&docid=1101990043&srctype=wol&srcid=share&par=35,Historical
3,325,,,,219000,Codex Vaticanus (oldest majuskel writing) 기록됨,,,,,,https://www.jw.org/finder?wtlocale=E&docid=2009727&srctype=wol&srcid=share&par=6,Bible
4,332,,,,,테오도시우스 1세 makes Christianity official religion 의 Roman Empire,,,,,,https://www.jw.org/finder?wtlocale=E&docid=1102017167&srctype=wol&srcid=share&par=29,Historical
3,350,,,,438000,Codex Sinaiticus (oldest 완료하다 copy 의 New Testament 에서 Greek) 기록됨,,,,,,https://www.jw.org/finder?wtlocale=E&docid=102008047&srctype=wol&srcid=share&par=3,Bible
4,381,,,,,Roman Empire permanently divided 안으로 East 과 West,,,,,,https://www.jw.org/finder?srcid=jwlshare&wtlocale=E&prefer=lang&docid=2016843&par=19,Historical
5,395,,,,,Council 의 Carthage: proposal 로 add 7 의 Apocryphal 책들 과 additions 의 Esther 과 Daniel 로 성경,,,,,,https://www.jw.org/finder?srcid=jwlshare&wtlocale=E&prefer=lang&docid=102001725&par=44,Historical
5,397,,,,,예로니무스 completes Latin Vulgate,,,,,,https://www.jw.org/finder?srcid=jwlshare&wtlocale=E&prefer=lang&docid=1101990131&par=46,Historical
4,405,,,,,Hiëronymus 완료하다 Latin Vulgate,,,,,,https://www.jw.org/finder?srcid=jwlshare&wtlocale=E&prefer=lang&docid=1200000305&par=12,Bible
3,476,,,,,로마 함락되다,,,,,,https://www.jw.org/finder?srcid=jwlshare&wtlocale=E&prefer=lang&docid=1200003763&par=9,Historical
4,570,,,,,무함마드 태어나다 (약),732,,,,,https://www.jw.org/finder?srcid=jwlshare&wtlocale=E&prefer=lang&docid=1200002216&par=8,Historical
4,813,,,,,Concilie van Tours - Local law that sermons had 로 be translated 에서 local language,,,,,,https://www.jw.org/finder?srcid=jwlshare&wtlocale=E&prefer=lang&docid=101982162&par=11,Historical
4,868,,,,,최초의 책들 printed (중국),,,,,,https://www.jw.org/finder?srcid=jwlshare&wtlocale=E&prefer=lang&docid=2010490&par=2,Historical
5,1008,,,,,Codex van Leningrad (oldest copy 의 완료하다 성경 에서 Hebrew),,,,,,https://www.jw.org/finder?wtlocale=E&docid=1980684&srctype=wol&srcid=share&par=6,Bible
4,1054,,,,,최종 break between Greek 과 Latin 교회,,,,,,https://www.jw.org/finder?srcid=jwlshare&wtlocale=E&prefer=lang&docid=102001725&par=25,Historical
4,1088,,,,,Berengarius 의 Tours died (forerunner 의 Reformation),,,,,,https://www.jw.org/finder?srcid=jwlshare&wtlocale=E&prefer=lang&docid=101982162&par=16,Historical
3,1096,,,,,Frist Crusade,,,,,,https://www.jw.org/finder?srcid=jwlshare&wtlocale=E&prefer=lang&docid=101997724&par=15,Historical
4,1140,,,,,Petrus 의 Bruys died (forerunner 의 Reformation),,,,,,https://www.jw.org/finder?srcid=jwlshare&wtlocale=E&prefer=lang&docid=101982162&par=16,Historical
4,1148,,,,,Hendrik 의 Lausanne or 의 Cluny died (forerunner Reformation),,,,,,https://www.jw.org/finder?srcid=jwlshare&wtlocale=E&prefer=lang&docid=101982162&par=16,Historical
4,1179,,,,,Paus Alexander III 금지하다 Waldenzen 로 전파하다,,,,,,https://www.jw.org/finder?srcid=jwlshare&wtlocale=E&prefer=lang&docid=101982163&par=2,Historical
3,1184,,,,,Inquisition established,,,,,,https://www.jw.org/finder?srcid=jwlshare&wtlocale=E&prefer=lang&docid=101997327&par=5,Historical
4,1199,,,,,Paus Innocentius III 금지하다 study 의 성경 과 Bibles 에서 language 의 사람들,,,,,,https://www.jw.org/finder?srcid=jwlshare&wtlocale=E&prefer=lang&docid=101982163&par=4,Historical
5,1229,,,,,Council 의 Toulouse 금지하다 사용 의 vernacular Bibles,,,,,,https://www.jw.org/finder?srcid=jwlshare&wtlocale=E&prefer=lang&docid=2013122&par=17,Historical
3,1231,,,,,medieval Inquisition 시작하다 에서 Italy 과 France,,,,,,https://www.jw.org/finder?srcid=jwlshare&wtlocale=E&prefer=lang&docid=101998884&par=20,Historical
3,1278,,,,,최초의 사용 의 Latin form ‘여호와’ 에서 Pugio Fidei (this is not Bibel),,,,,,https://www.jw.org/finder?wtlocale=E&docid=1101984304&srctype=wol&srcid=share&par=5,Bible
4,1382,,,,,위클리프’s 성경 translation 에서 English 석방되다,,,,,,https://www.jw.org/finder?srcid=jwlshare&wtlocale=E&prefer=lang&docid=2013122&par=18,Historical
5,1455,,,,,구텐베르크 prints Latin Vulgate,,,,,,https://www.jw.org/finder?srcid=jwlshare&wtlocale=E&prefer=lang&docid=1997685&par=14,Historical
3,1477,,,,,Delftse 성경 (최초의 printed Dutch 책),,,,,,https://nl.wikipedia.org/wiki/Delftse_Bijbel,Bible
4,1478,,,,,Spanish Inquisition 시작하다,,,,,,https://www.jw.org/finder?srcid=jwlshare&wtlocale=E&prefer=lang&docid=101997327&par=6,Historical
4,1492,10,12,,,Columbus reaches Americas,,,,,,https://www.jw.org/finder?srcid=jwlshare&wtlocale=E&prefer=lang&docid=101992161&par=2,Historical
3,1516,,,,,에라스무스 produces Greek master text 의 Christian 성경,,,,,,https://www.jw.org/finder?srcid=jwlshare&wtlocale=E&prefer=lang&docid=1997685&par=15,Historical
4,1517,,,,,"according 로 tradition, 루터 nails 95 theses 로 교회 door",,,,,,https://www.jw.org/finder?srcid=jwlshare&wtlocale=E&prefer=lang&docid=1987687&par=8,Historical
3,1522,,,,,Complutensian 성경 - Polyglot (최초의 printed Greek 성경),,,,,,https://www.jw.org/finder?wtlocale=E&docid=1969843&srctype=wol&srcid=share&par=30,Bible
4,1525,,,,,틴들 completes English translation 의 Christian 성경,,,,,,https://www.jw.org/finder?srcid=jwlshare&wtlocale=E&prefer=lang&docid=102011446&par=6,Historical
3,1526,,,,,Liesvelt-성경 (최초의 완료하다 Dutch 성경),,,,,,https://www.jw.org/finder?wtlocale=E&docid=102002648&srctype=wol&srcid=share&par=13,Bible
4,1528,,,,,"Robert Estienne publishes 성경 editions 에서 1528-1557, introduces running heads 과 modern verse divisions",,,,,,https://www.jw.org/finder?srcid=jwlshare&wtlocale=E&prefer=lang&docid=1995282&par=8,Historical
4,1530,,,,,틴들 produces English translation 의 Pentateuch,,,,,,https://www.jw.org/finder?srcid=jwlshare&wtlocale=E&prefer=lang&docid=1997685&par=25,Historical
4,1535,,,,,커버데일 produces 완료하다 English 성경,,,,,,https://www.jw.org/finder?srcid=jwlshare&wtlocale=E&prefer=lang&docid=2013122&par=19,Historical
4,1536,,,,,칼뱅 publishes Institutes 의 Christian Religion,,,,,,https://www.jw.org/finder?srcid=jwlshare&wtlocale=E&prefer=lang&docid=2010647&par=8,Historical
5,1536,,,,,틴들 executed,,,,,,https://www.jw.org/finder?srcid=jwlshare&wtlocale=E&prefer=lang&docid=2013122&par=18,Person
3,1537,,,,,커버데일’s translation 발행되다 에서 England,,,,,,https://www.jw.org/finder?srcid=jwlshare&wtlocale=E&prefer=lang&docid=2012408&par=11,Historical
3,1537,,,,,"Matthew’s 성경 printed 에서 Antwerp, Belgium",,,,,,https://www.jw.org/finder?srcid=jwlshare&wtlocale=E&prefer=lang&docid=2012408&par=11,Historical
4,1538,,,,,왕 헨리 8세 orders that all 교회 에서 England have 성경,,,,,,https://www.jw.org/finder?srcid=jwlshare&wtlocale=E&prefer=lang&docid=1997685&par=50,Historical
3,1539,,,,,Great 성경 (English) produced,,,,,,https://www.jw.org/finder?srcid=jwlshare&wtlocale=E&prefer=lang&docid=2012408&par=12,Historical
4,1542,,,,,Roman Inquisition 시작하다,,,,,,https://www.jw.org/finder?srcid=jwlshare&wtlocale=E&prefer=lang&docid=101998884&par=5,Historical
5,1546,,,,,"Council 의 Trent: Roman Catholic 교회 definitely confirms acceptance 의 Tobit, Judith, additions 로 Esther, Wisdom, Ecclesiasticus, 바룩, 3 additions 로 Daniel, 최초의 Maccabees 과 두 번째 Maccabees",,,,,,https://www.jw.org/finder?srcid=jwlshare&wtlocale=E&prefer=lang&docid=1101990131&par=46,Historical
3,1559,,,,,Pope 바울 IV forbids possession 의 성경 에서 common tongue,,,,,,https://www.jw.org/finder?srcid=jwlshare&wtlocale=E&prefer=lang&docid=2013122&par=17,Historical
3,1560,,,,,"Geneva 성경 (English) 발행되다 에서 Geneva, Switzerland",,,,,,https://www.jw.org/finder?srcid=jwlshare&wtlocale=E&prefer=lang&docid=102011446&par=7,Historical
3,1562,,,,,"Deuxaes 성경 (최초의 Dutch Translation containing name 여호와, 에서 drawing 에서 margin)",,,,,,https://www.jw.org/finder?wtlocale=E&docid=1001070204&srctype=wol&srcid=share&par=13,Bible
3,1568,,,,,Bishops’ 성경 (English) produced,,,,,,https://www.jw.org/finder?srcid=jwlshare&wtlocale=E&prefer=lang&docid=102011446&par=7,Historical
4,1573,,,,,Antwerp polyglot (Christoffer Plantijn) ready,,,,,,https://www.jw.org/finder?srcid=jwlshare&wtlocale=E&prefer=lang&docid=2006842&par=12,Historical
3,1576,,,,,Geneva 성경 (English) printed 에서 England,,,,,,https://www.jw.org/finder?srcid=jwlshare&wtlocale=E&prefer=lang&docid=102011446&par=7,Historical
3,1580,,,,,Psalms 의 Marnix 의 St.-Aldegonde (최초의 Dutch translation using ‘여호와’ 에서 text),,,,,,https://www.jw.org/finder?wtlocale=E&docid=1001070204&srctype=wol&srcid=share&par=13,Bible
3,1588,,,,,브리튼 무찌르다 Spanish Armada,,,,,,https://www.jw.org/finder?srcid=jwlshare&wtlocale=E&prefer=lang&docid=1101999028&par=30,Historical
5,1618,,,,,Thirty 년’ 전쟁,1648,,,,,https://www.jw.org/finder?srcid=jwlshare&wtlocale=E&prefer=lang&docid=2004205&par=3,War
3,1637,,,,,Statenvertaling (최초의 완료하다 Dutch 성경 translated 에서 source texts),,,,,,https://www.jw.org/finder?wtlocale=E&docid=2017566&srctype=wol&srcid=share&par=13,Bible
5,1763,,,,,"조약 의 Paris, 대영 제국 dominant",,,,,,https://www.jw.org/finder?srcid=jwlshare&wtlocale=E&prefer=lang&docid=1101999028&par=30,Historical
6,1914,,,,,영미 세계 강국,2026,9,27,23,,https://www.jw.org/finder?srcid=jwlshare&wtlocale=E&prefer=lang&docid=2012447&par=6,Wold Power
5,1783,,,,,브리튼 recognizes 독립 의 13 American colonies,,,,,,https://www.jw.org/finder?srcid=jwlshare&wtlocale=E&prefer=lang&docid=1101999028&par=33,Historical
4,1789,,,,,프랑스 혁명,,,,,,https://www.jw.org/finder?srcid=jwlshare&wtlocale=E&prefer=lang&docid=101989927&par=6,Historical
4,1815,,,,,"브리튼 무찌르다 Napoléon (at Waterloo, Belgium)",,,,,,https://www.jw.org/finder?srcid=jwlshare&wtlocale=E&prefer=lang&docid=1101999028&par=30,Historical
4,1819,11,25,,,Robert Morrison completes Chinese 성경,,,,,,https://www.jw.org/finder?srcid=jwlshare&wtlocale=E&prefer=lang&docid=2009402&par=19,Historical
3,1835,,,,,Adoniram Judson completes Burmese 성경,,,,,,https://www.jw.org/finder?srcid=jwlshare&wtlocale=E&prefer=lang&docid=2009402&par=24,Historical
3,1835,,,,,Henry Grew publishes pamflet 약 불멸의 soul,,,,,,https://www.jw.org/finder?srcid=jwlshare&wtlocale=E&prefer=lang&docid=2023404&par=20,Historical
3,1837,,,,,George Storrs afrees 와 함께 reasoning 의 Henry Grew 과 shares it 와 함께 others,,,,,,https://www.jw.org/finder?srcid=jwlshare&wtlocale=E&prefer=lang&docid=2023404&par=20,Historical
3,1842,,,,,George Storrs preaches 약 ‘are wicked 불멸의?’,,,,,,https://www.jw.org/finder?lank=pub-lffv_191_VIDEO&wtlocale=E,Historical
3,1845,,,,,Parents 의 C. T. 러셀 move 에서 Ireland 로 미국,,,,,,https://www.jw.org/finder?lank=pub-lffv_191_VIDEO&wtlocale=E,Historical
5,1850,,,,,"Henry Grew, George Stetson 과 George Storrs expose falseness 의 불멸성 의 soul doctrine",,,,,,https://www.jw.org/finder?wtlocale=E&docid=1102014241&srctype=wol&srcid=share&par=13,Historical
3,1854,,,,,"Clay cylinders 와 함께 cuneiform documents 에서 왕 Nabonidus found 에서 Ur (southern Iraq) that include 기도 동안 unknown until then ‘Bel-sar-ussur, my eldest son’",,,,,,https://www.jw.org/finder?srcid=jwlshare&wtlocale=E&prefer=lang&docid=1101999021&par=10,Historical
3,1855,,,,,Cuneiform tablets unearthed that referred 로 Belshazzar as having secretaries 과 household staff,,,,,,https://www.jw.org/finder?srcid=jwlshare&wtlocale=E&prefer=lang&docid=1101999021&par=11,Historical
3,1861,,,,,"Mother 의 C.T. Russel’s 죽다, 후 2 의 his brothers 과 sisters died.",,,,,,https://www.jw.org/finder?lank=pub-lffv_191_VIDEO&wtlocale=E,Historical
5,1868,,,,,C. T. 러셀 시작하다 careful study 의 성경,,,,,,https://www.jw.org/finder?srcid=jwlshare&wtlocale=E&prefer=lang&docid=1102014241&par=126,Historical
3,1869,,,,,C. T. 러셀’s ‘wavering faith’ is reestablished 후 he hears sermon by Adventist preacher Jonas Wendell,,,,,,https://www.jw.org/finder?wtlocale=E&docid=1102014241&srctype=wol&srcid=share&par=122,Historical
4,1869,,,,,J. F. 러더퍼드,1942,1,8,,,https://www.jw.org/finder?srcid=jwlshare&wtlocale=E&prefer=lang&docid=1101993009&par=4,Person
3,1870,,,,,C. T. 러셀 과 his associates understand that Christ’s presence would be invisible,,,,,,https://www.jw.org/finder?srcid=jwlshare&wtlocale=E&prefer=lang&docid=1101993046&par=3,Historical
4,1870,,,,,"C. T. 러셀 과 group 에서 Pittsburgh 과 Allegheny (Pennsylvania, U.S..) begin systematic study 의 성경",,,,,,https://www.jw.org/finder?srcid=jwlshare&wtlocale=E&prefer=lang&docid=1101993046&par=2,Historical
3,1872,,,,,C. T. 러셀 과 his 연구 그룹 come 로 appreciate 대속 price,,,,,,https://www.jw.org/finder?srcid=jwlshare&wtlocale=E&prefer=lang&docid=1101993046&par=4,Historical
3,1976,,,,,End 의 정해진 때 의 나라들 에서 1914 최초의 announced,,,,,,https://www.jw.org/finder?srcid=jwlshare&wtlocale=E&prefer=lang&docid=1102014241&par=132,Historical
3,1879,5,,,,러셀 withdraws all support 에서 Herald 의 Morning because 의 Barbour’s attitude toward 대속.,,,,,,https://www.jw.org/finder?srcid=jwlshare&wtlocale=E&prefer=lang&docid=1101993046&par=9,Historical
3,1879,,,,,바빌론 Great seen 로 be associated 와 함께 Christendom,,,,,,https://www.jw.org/finder?srcid=jwlshare&wtlocale=E&prefer=lang&docid=1102014241&par=137,Historical
3,1879,7,,,,최초의 issue 의 Zion’s 파수대 과 Herald 의 Christ’s Presence,,,,,,https://www.jw.org/finder?srcid=jwlshare&wtlocale=E&prefer=lang&docid=1102014241&par=136,Historical
1,1897,,,,,Zion’s 파수대 points 로 1914 as 년 의 great significance 에서 outworking 의 God’s ‘신성한 비밀’,,,,,,https://www.jw.org/finder?srcid=jwlshare&wtlocale=E&prefer=lang&docid=1997403&par=63,Sacred secret
3,1880,,,,,러셀 tours northeastern U.S. 로 form study groups,,,,,,https://www.jw.org/finder?srcid=jwlshare&wtlocale=E&prefer=lang&docid=1102014241&par=139,Historical
3,1881,2,16,,,Zion’s 파수대 Tract Society formed,,,,,,https://www.jw.org/finder?srcid=jwlshare&wtlocale=E&prefer=lang&docid=1101993036&par=9,Historical
3,1881,4,,,,"부르다 동안 1,000 전파자들",,,,,,https://www.jw.org/finder?srcid=jwlshare&wtlocale=E&prefer=lang&docid=1102014241&par=144,Historical
3,1881,,,,,Brothers 에서 미국 invited 로 meet together 에서 개인 home 에서 Allegheny 동안 기념식,,,,,,https://www.jw.org/finder?srcid=jwlshare&wtlocale=E&prefer=lang&docid=2023245&par=15,Historical
3,1882,,,,,Refutation 의 Trinity,,,,,,https://www.jw.org/finder?srcid=jwlshare&wtlocale=E&prefer=lang&docid=1102014241&par=147,Historical
3,1883,,,,,파수대 reaches 중국. Former Presbyterian 선교 soon 시작하다 로 witness 로 others there,,,,,,https://www.jw.org/finder?srcid=jwlshare&wtlocale=E&prefer=lang&docid=1101993046&par=14,Historical
3,1884,,,,,Food 동안 Thinking Christians reaches Liberia (아프리카). Zion’s 파수대 Tract Society is legally chartered 에서 Pennsylvania. Officially recorded 에 December 15,,,,,,https://www.jw.org/finder?srcid=jwlshare&wtlocale=E&prefer=lang&docid=1101993046&par=15,Historical
3,1885,,,,,"파수대 publications are already being read by some 사람들 에서 북쪽 과 남쪽 America, 유럽, 아프리카 과 아시아",,,,,,https://www.jw.org/finder?srcid=jwlshare&wtlocale=E&prefer=lang&docid=1101993046&par=17,Historical
3,1886,,,,,"Divine Plan 의 Ages is 발행되다, 최초의 volume 의 series Millennial Dawn (later known as Studies 에서 성경)",,,,,,https://www.jw.org/finder?srcid=jwlshare&wtlocale=E&prefer=lang&docid=1101993046&par=18,Historical
3,1889,,,,,성경 집 is 건축되다 에 Arch Street 에서 Allegheny (Pennsylvania) as headquarters 동안 Society,,,,,,https://www.jw.org/finder?srcid=jwlshare&wtlocale=E&prefer=lang&docid=1101993046&par=19,Historical
3,1890,,,,,최초의 place 의 worship constructed,,,,,,https://www.jw.org/finder?srcid=jwlshare&wtlocale=E&prefer=lang&docid=1102014258&par=10,Historical
3,1891,4,19,,,"최초의 gathering 의 성경 연구생 that they 부르다 대회, 에서 Allegheny, Pennsylvania (April 19-25)",,,,,,https://www.jw.org/finder?srcid=jwlshare&wtlocale=E&prefer=lang&docid=1101993046&par=20,Historical
3,1894,,,,,Traveling overseers that 에서 time came 로 be known as pilgrims are sent out 로 visit 회중,,,,,,https://www.jw.org/finder?srcid=jwlshare&wtlocale=E&prefer=lang&docid=1101993046&par=21,Historical
3,1895,11,15,,,최초의 elder 마련,,,,,,https://www.jw.org/finder?srcid=jwlshare&wtlocale=E&prefer=lang&docid=1102014251&par=7,Historical
3,1896,,,,,Name changes 에서 Zion’s 파수대 Tract Society 로 파수대 성경 과 Tract Society,,,,,,https://www.jw.org/finder?srcid=jwlshare&wtlocale=E&prefer=lang&docid=1102014247&par=19,Historical
4,1900,,,,,"최초의 branch office is opened 에서 London, England. Witnessing by 성경 연구생 has been done 에서 28 countries 과 message they 전파하다 has reached 13 other lands",,,,,,https://www.jw.org/finder?srcid=jwlshare&wtlocale=E&prefer=lang&docid=1101993046&par=22,Historical
3,1903,,,,,러셀-Eaton debates. 러셀’s lectures appear regularly 에서 newspapers,,,,,,https://www.jw.org/finder?srcid=jwlshare&wtlocale=E&prefer=lang&docid=1102014246&par=8,Historical
3,1903,,,,,Intense 호별 distribution 의 free tracts 에 Sundays (earlier much 의 tract distribution was done 에 streets near 교회,,,,,,https://www.jw.org/finder?srcid=jwlshare&wtlocale=E&prefer=lang&docid=1101993046&par=24,Historical
3,1903,,,,,두 번째 branch office established 에서 Germany,,,,,,https://www.jw.org/finder?srcid=jwlshare&wtlocale=E&prefer=lang&docid=1102014258&par=52,Historical
3,1904,,,,,세 번째 branch office established 에서 Australia,,,,,,https://www.jw.org/finder?srcid=jwlshare&wtlocale=E&prefer=lang&docid=1102014258&par=52,Historical
3,1904,,,,,"Sermons by C. T. 러셀 begin 로 appear regularly 에서 newspapers. Within decade they are being printed by 약 2,000 papers",,,,,,https://www.jw.org/finder?srcid=jwlshare&wtlocale=E&prefer=lang&docid=1101993046&par=25,Historical
4,1905,,,,,네이선 노어,1977,6,8,,,https://www.jw.org/finder?srcid=jwlshare&wtlocale=E&prefer=lang&docid=1101993010&par=11,Person
3,1909,1,30,,,워치 타워 협회 moves headquarters 로 Brooklyn (January 31),,,,,,https://www.jw.org/finder?srcid=jwlshare&wtlocale=E&prefer=lang&docid=1101993046&par=26,Historical
3,1910,,,,,name International 성경 연구생 협회 사용되다,,,,,,https://www.jw.org/finder?srcid=jwlshare&wtlocale=E&prefer=lang&docid=1102014241&par=173,Historical
3,1912,,,,,Work 시작하다 에 ‘Photo-Drama 의 Creation’,,,,,,https://www.jw.org/finder?wtlocale=E&docid=1101993006&srctype=wol&srcid=share&par=80,Historical
3,1914,1,11,,,Photo-Drama 의 Creation’ 최초의 shown,,,,,,https://www.jw.org/finder?srcid=jwlshare&wtlocale=E&prefer=lang&docid=1102014241&par=177,Historical
3,1914,6,30,,,International 성경 연구생 협회 incorporated,,,,,,https://www.jw.org/finder?srcid=jwlshare&wtlocale=E&prefer=lang&docid=1101993018&par=236,Historical
4,1914,7,28,,,제1차 세계 대전,,,,,,https://www.jw.org/finder?srcid=jwlshare&wtlocale=E&prefer=lang&docid=2009525&par=3,War
4,1914,7,28,,,제1차 세계 대전,1918,11,11,,,https://www.jw.org/finder?srcid=jwlshare&wtlocale=E&prefer=lang&docid=2009525&par=3,War
6,1914,10,1,,,정해진 때 의 나라들 ended,,,,,,https://www.jw.org/finder?srcid=jwlshare&wtlocale=E&prefer=lang&docid=1200000316&par=18,Historical
4,1914,12,,,,1260 일 (Rev. 11:3). Anointed Christians dressed 에서 sackcloth,1918,6,,,,https://www.jw.org/finder?srcid=jwlshare&wtlocale=E&prefer=lang&docid=1101999028&par=40,Period
4,1852,2,16,,,C. T. 러셀,1916,10,31,,,https://www.jw.org/finder?srcid=jwlshare&wtlocale=E&prefer=lang&docid=1101993046&par=30,Person
3,1917,1,6,,,Rutherford elected president 의 워치 타워 협회,,,,,,https://www.jw.org/finder?srcid=jwlshare&wtlocale=E&prefer=lang&docid=1101993007&par=22,Historical
3,1917,7,17,,,Opposition 로 Rutherford,,,,,,https://www.jw.org/finder?srcid=jwlshare&wtlocale=E&prefer=lang&docid=1101993007&par=34,Historical
3,1917,7,17,,,Finished Mystery 석방되다,,,,,,https://www.jw.org/finder?srcid=jwlshare&wtlocale=E&prefer=lang&docid=1101993007&par=34,Historical
3,1918,6,16,,,8 brothers 의 Society 에서 감옥,1919,3,25,,,https://www.jw.org/finder?wtlocale=E&docid=2012447&srctype=wol&srcid=share&par=11,Period
3,1919,3,25,,,"8 brothers 의 Society 석방되다 (officially 에서 May 7, 1918 - March 25, 1919)",,,,,,https://www.jw.org/finder?wtlocale=E&docid=1101973023&srctype=wol&srcid=share&par=13,Historical
3,1919,10,1,,,Golden Age 석방되다,,,,,,https://www.jw.org/finder?srcid=jwlshare&wtlocale=E&prefer=lang&docid=1101993018&par=34,Historical
3,1919,12,,,,Bulletin 최초의 발행되다,,,,,,https://www.jw.org/finder?srcid=jwlshare&wtlocale=E&prefer=lang&docid=1102014241&par=48,Historical
4,1920,1,16,,,국제 연맹 established,,,,,,https://www.jw.org/finder?srcid=jwlshare&wtlocale=E&prefer=lang&docid=1986081&par=22,Historical
3,1920,,,,,"워치 타워 협회 undertakes its own printing operations, 에서 Brooklyn",,,,,,https://www.jw.org/finder?srcid=jwlshare&wtlocale=E&prefer=lang&docid=1101993046&par=41,Historical
3,1921,,,,,책 ‘ Harp 의 God’ 석방되다,,,,,,https://www.jw.org/finder?srcid=jwlshare&wtlocale=E&prefer=lang&docid=2023404&par=24,Historical
3,1922,,,,,파수대 studies begin 에서 회중,,,,,,https://www.jw.org/finder?srcid=jwlshare&wtlocale=E&prefer=lang&docid=1102014255&par=16,Historical
3,1922,,,,,"Cedar Point (Ohio) 대회 ‘Advertise, advertise, advertise 왕 과 his 왕국’",,,,,,https://www.jw.org/finder?srcid=jwlshare&wtlocale=E&prefer=lang&docid=1102014245&par=63,Historical
3,1923,,,,,Service Meeting held 매월,,,,,,https://www.jw.org/finder?srcid=jwlshare&wtlocale=E&prefer=lang&docid=1102014255&par=24,Historical
3,1924,2,24,,,WBBR radio station operational,1957,,,,,https://www.jw.org/finder?srcid=jwlshare&wtlocale=E&prefer=lang&docid=1101993008&par=145,Historical
3,1925,3,1,,,파수대 의 March 1 shows that there are two distinct 과 opposing organizations - 여호와’s 과 사탄’s,,,,,,https://www.jw.org/finder?srcid=jwlshare&wtlocale=E&prefer=lang&docid=1101993046&par=46,Historical
1,1925,,,,,"파수대 explains that 왕국 태어나다 에서 1914. ‘신성한 비밀’ 약 왕국 must be publicized (Rev 12:1-5, 10, 17)",,,,,,https://www.jw.org/finder?srcid=jwlshare&wtlocale=E&prefer=lang&docid=1997403&par=64,Sacred secret
3,1926,,,,,호별 전파 활동 와 함께 책들 에 Sunday is encouraged,,,,,,https://www.jw.org/finder?srcid=jwlshare&wtlocale=E&prefer=lang&docid=1101993046&par=47,Historical
3,1928,,,,,"성경 연구생 are 체포되다 에서 New Jersey (U.S..) 동안 distributing literature as part 의 their 호별 전파 활동. Within decade, there are 넘어 500 such arrests per 년 에서 U.S..",,,,,,https://www.jw.org/finder?srcid=jwlshare&wtlocale=E&prefer=lang&docid=1101993046&par=48,Historical
3,1928,,,,,Workers’ Meetings (Service Meetings) held 매주,,,,,,https://www.jw.org/finder?srcid=jwlshare&wtlocale=E&prefer=lang&docid=1102014255&par=24,Historical
3,1928,,,,,Christmas is understood 로 be pagan celebration,,,,,,https://www.jw.org/finder?srcid=jwlshare&wtlocale=E&prefer=lang&docid=2023404&par=51,Historical
3,1931,7,26,,,"Adoption 의 name 여호와’s 증인들 (대회 에서 Columbus, Ohio)",,,,,,https://www.jw.org/finder?srcid=jwlshare&wtlocale=E&prefer=lang&docid=1101993046&par=49,Historical
3,1932,,,,,Service committees elected,,,,,,https://www.jw.org/finder?srcid=jwlshare&wtlocale=E&prefer=lang&docid=1102014251&par=77,Historical
3,1932,,,,,Election 의 elders eliminated,,,,,,https://www.jw.org/finder?srcid=jwlshare&wtlocale=E&prefer=lang&docid=1102014251&par=77,Historical
3,1933,,,,,Sound cars 과 testimony cards 사용되다 에서 field 봉사,,,,,,https://www.jw.org/finder?srcid=jwlshare&wtlocale=E&prefer=lang&docid=1102014247&par=11,Historical
3,1934,,,,,Portable phonographs are 사용되다 by 증인들,,,,,,https://www.jw.org/finder?srcid=jwlshare&wtlocale=E&prefer=lang&docid=1101993046&par=54,Historical
3,1934,10,7,,,증인들 send 편지 로 Hitler,,,,,,https://www.jw.org/finder?srcid=jwlshare&wtlocale=E&prefer=lang&docid=1101993022&par=51,Historical
3,1935,5,31,,,"큰 무리 clearly identified at 대회 에서 Washington D.C. (May 31, 1935)",,,,,,https://www.jw.org/finder?srcid=jwlshare&wtlocale=E&prefer=lang&docid=1995084&par=3,Historical
3,1935,,,,,Term ‘왕국회관’ 최초의 사용되다,,,,,,https://www.jw.org/finder?srcid=jwlshare&wtlocale=E&prefer=lang&docid=1102014258&par=10,Historical
3,1936,,,,,사용 의 cross is gradually discontinued,,,,,,https://www.jw.org/finder?srcid=jwlshare&wtlocale=E&prefer=lang&docid=2023404&par=51,Historical
3,1938,,,,,Signs ‘Religion Is Snare 과 Racket’,,,,,,https://www.jw.org/finder?srcid=jwlshare&wtlocale=E&prefer=lang&docid=1101993035&par=47,Historical
3,1937,,,,,Special pioneer 마련 시작되다 와 함께 200,,,,,,https://www.jw.org/finder?wtlocale=E&docid=101977191&srctype=wol&srcid=share&par=31,Historical
2,1938,9,11,,,"J. F. Rutherford delivering lecture ‘Face Facts,’ at Royal Albert Hall, 에서 London, England. 이상 10,000 jammed auditorium, while millions more heard by radio",,,,,,https://www.jw.org/finder?wtlocale=E&docid=1101993008&srctype=wol&srcid=share&par=149,Historical
3,1938,,,,,election 의 elders is discontinued,,,,,,https://www.jw.org/finder?srcid=jwlshare&wtlocale=E&prefer=lang&docid=2023404&par=51,Historical
3,1939,,,,,Throughout 대영 제국 과 영연방 23 나라들 금지 여호와’s 증인들 or place prohibitions 에 literature,1945,,,,,https://www.jw.org/finder?srcid=jwlshare&wtlocale=E&prefer=lang&docid=1101993046&par=62,Historical
4,1939,9,1,,,제2차 세계 대전,,,,,,https://nl.wikipedia.org/wiki/Tweede_Wereldoorlog,War
4,1939,9,1,,,제2차 세계 대전,1945,9,2,,,https://nl.wikipedia.org/wiki/Tweede_Wereldoorlog,War
4,1941,,,,,"Active 증인들 pass 100,000 mark, despite 제2차 세계 대전",,,,,,https://www.jw.org/finder?srcid=jwlshare&wtlocale=E&prefer=lang&docid=1101993046&par=65,Historical
4,1941,,,,,Archaeologists find evidence that supports Biblical report 약 Mordecai,,,,,,https://www.jw.org/finder?srcid=jwlshare&wtlocale=E&prefer=lang&docid=2022647&par=4,Archeology
3,1942,1,13,,,N. 노어 president 의 Society,,,,,,https://www.jw.org/finder?srcid=jwlshare&wtlocale=E&prefer=lang&docid=1101993009&par=8,Person
3,1942,9,20,,,협회 의 나라들 foretold 로 rise again,,,,,,https://www.jw.org/finder?srcid=jwlshare&wtlocale=E&prefer=lang&docid=1101993016&par=29,Historical
3,1942,10,1,,,파수대 publications anonymous,,,,,,https://www.jw.org/finder?srcid=jwlshare&wtlocale=E&prefer=lang&docid=1101993012&par=113,Historical
3,1943,2,1,,,Gilead 학교 opens,,,,,,https://www.jw.org/finder?srcid=jwlshare&wtlocale=E&prefer=lang&docid=1102014256&par=16,Historical
3,1943,4,17,,,Course 에서 Theocratic 봉사 introduced,,,,,,https://www.jw.org/finder?srcid=jwlshare&wtlocale=E&prefer=lang&docid=1102014255&par=21,Historical
3,1945,,,,,sanctity 의 피 is clarified,,,,,,https://www.jw.org/finder?srcid=jwlshare&wtlocale=E&prefer=lang&docid=2023404&par=51,Historical
3,1945,10,1,,,Society’s board 의 directors is no longer selected by voters who qualify because 의 monetary donations,,,,,,https://www.jw.org/finder?srcid=jwlshare&wtlocale=E&prefer=lang&docid=1101993046&par=74,Historical
3,1945,10,24,,,국제 연합 established,,,,,,https://www.jw.org/finder?srcid=jwlshare&wtlocale=E&prefer=lang&docid=1101993009&par=31,Historical
3,1947,,,,,"Number 의 회중 worldwide exceeds 10,000",,,,,,https://www.jw.org/finder?srcid=jwlshare&wtlocale=E&prefer=lang&docid=1101993046&par=81,Historical
3,1947,,,,,"에서 Quebec, Canada, 1,700 cases involving evangelizing work 의 여호와’s 증인들 are pending 에서 courts",,,,,,https://www.jw.org/finder?wtlocale=E&docid=1101993046&srctype=wol&srcid=share&par=80,Historical
3,1950,,,,,신세계역 restores divine name 로 its proper place,,,,,,https://www.jw.org/finder?srcid=jwlshare&wtlocale=E&prefer=lang&docid=1102001033&par=15,Historical
3,1950,8,2,,,신세계역 의 Christian Greek 성경 is 석방되다 에서 English,,,,,,https://www.jw.org/finder?srcid=jwlshare&wtlocale=E&prefer=lang&docid=1101993046&par=82,Historical
3,1952,,,,,need 동안 disfellowshipping is emphasized,,,,,,https://www.jw.org/finder?srcid=jwlshare&wtlocale=E&prefer=lang&docid=2023404&par=51,Historical
3,1953,9,1,,,extensive program 의 training 의 여호와’s 증인들 에서 호별 전파 활동 시작하다,,,,,,https://www.jw.org/finder?srcid=jwlshare&wtlocale=E&prefer=lang&docid=1101993046&par=83,Historical
3,1956,,,,,sanctity 의 marriage is clarified,,,,,,https://www.jw.org/finder?srcid=jwlshare&wtlocale=E&prefer=lang&docid=2023404&par=51,Historical
3,1957,,,,,WBBR sold,,,,,,https://www.jw.org/finder?wtlocale=E&docid=1101993035&srctype=wol&srcid=share&par=66,Historical
3,1958,,,,,"Divine Will International 대회, 에서 New York, draws attendance 의 253,922 에서 123 lands. 7,136 침례받다",,,,,,https://www.jw.org/finder?srcid=jwlshare&wtlocale=E&prefer=lang&docid=1101993046&par=85,Historical
3,1959,3,9,,,"최초의 sessions 의 왕국 봉사 학교 at 남쪽 Lansing (New York), designed 동안 회중 overseers 과 traveling overseers",,,,,,https://www.jw.org/finder?srcid=jwlshare&wtlocale=E&prefer=lang&docid=1101993046&par=86,Historical
3,1960,,,,,"동안 최초의 time, Bethel provided 회중 와 함께 printed invitations 동안 기념식",,,,,,https://www.jw.org/finder?srcid=jwlshare&wtlocale=E&prefer=lang&docid=2023245&par=15,Historical
3,1961,,,,,신세계역 석방되다 에서 English,,,,,,https://www.jw.org/finder?srcid=jwlshare&wtlocale=E&prefer=lang&docid=1102014255&par=87,Historical
3,1961,,,,,Archaeologists find stone slab 와 함께 빌라도’s name 에서 Latin,,,,,,https://www.jw.org/finder?srcid=jwlshare&wtlocale=E&prefer=lang&docid=2015121&par=11,Historical
3,1963,,,,,"신세계역 의 Christian Greek 성경 is 석방되다 에서 Dutch, French, German, Italian, Portuguese 과 Spanish",,,,,,https://www.jw.org/finder?srcid=jwlshare&wtlocale=E&prefer=lang&docid=2015921&par=28,Historical
3,1965,,,,,최초의 대회 Hall (New York),,,,,,https://www.jw.org/finder?srcid=jwlshare&wtlocale=E&prefer=lang&docid=1101993046&par=91,Historical
3,1967,,,,,Waves 의 prolonged 과 savage 박해 의 여호와’s 증인들 sweep across Malawi 과 continue 동안 년 thereafter,,,,,,https://www.jw.org/finder?srcid=jwlshare&wtlocale=E&prefer=lang&docid=1101993046&par=92,Historical
3,1969,,,,,Home 성경 studies exceed million,,,,,,https://www.jw.org/finder?srcid=jwlshare&wtlocale=E&prefer=lang&docid=1101993046&par=93,Historical
3,1971,10,1,,,중앙장로회 is enlarged. Chairmanship 시작하다 로 rotate among its members 에 연례 basis,,,,,,https://www.jw.org/finder?srcid=jwlshare&wtlocale=E&prefer=lang&docid=1101993046&par=94,Historical
3,1972,10,1,,,"회중 의 여호와’s 증인들 come 아래에서 local supervision 의 body 의 elders, instead 의 one person",,,,,,https://www.jw.org/finder?srcid=jwlshare&wtlocale=E&prefer=lang&docid=2023404&par=51,Historical
3,1973,,,,,사용 의 담배 is understood 로 be serious wrongdoing,,,,,,https://www.jw.org/finder?srcid=jwlshare&wtlocale=E&prefer=lang&docid=2023404&par=51,Historical
4,1974,,,,,Publishers worldwide exceed 2 million,,,,,,https://www.jw.org/finder?srcid=jwlshare&wtlocale=E&prefer=lang&docid=1101993046&par=96,Historical
4,1975,,,,,"6,000 년 의 human history",,,,,,https://www.jw.org/finder?srcid=jwlshare&wtlocale=E&prefer=lang&docid=1101993009&par=71,Historical
3,1976,1,1,,,중앙장로회 reorganized 안으로 6 committees,,,,,,https://www.jw.org/finder?srcid=jwlshare&wtlocale=E&prefer=lang&docid=1101993046&par=98,Historical
3,1976,2,1,,,Branch offices come 아래에서 supervision 의 committee instead 의 one overseer,,,,,,https://www.jw.org/finder?srcid=jwlshare&wtlocale=E&prefer=lang&docid=1101993046&par=98,Historical
3,1976,,,,,Instruction is given as 로 types 의 employment that are acceptable 동안 Christians,,,,,,https://www.jw.org/finder?srcid=jwlshare&wtlocale=E&prefer=lang&docid=2023404&par=51,Historical
3,1977,,,,,Pioneer Service 학교 시작하다,,,,,,https://www.jw.org/finder?srcid=jwlshare&wtlocale=E&prefer=lang&docid=1101993046&par=99,Historical
3,1981,,,,,공개 talks based 에 outlines,,,,,,https://www.jw.org/finder?srcid=jwlshare&wtlocale=E&prefer=lang&docid=1102014255&par=15,Historical
3,1984,,,,,Home 성경 studies exceed two million,,,,,,https://www.jw.org/finder?srcid=jwlshare&wtlocale=E&prefer=lang&docid=1101993046&par=100,Historical
3,1986,,,,,Regional Building Committees appointed,,,,,,https://www.jw.org/finder?srcid=jwlshare&wtlocale=E&prefer=lang&docid=1101993046&par=103,Historical
3,1987,,,,,Ministerial Training 학교 시작하다,,,,,,https://www.jw.org/finder?srcid=jwlshare&wtlocale=E&prefer=lang&docid=1101993010&par=29,Historical
3,1989,11,9,,,Berlin Wall 함락되다,,,,,,https://www.jw.org/finder?srcid=jwlshare&wtlocale=E&prefer=lang&docid=301992018&par=3,Historical
3,1990,,,,,Literature offered without charge,,,,,,https://www.jw.org/finder?srcid=jwlshare&wtlocale=E&prefer=lang&docid=1102014257&par=28,Historical
3,1990,11,,,,Discovery 의 가야바’ burial cave (대제사장 에서 18 로 36 C.E.),,,,,,https://www.jw.org/finder?srcid=jwlshare&wtlocale=E&prefer=lang&docid=2006043&par=2,Historical
3,1991,,,,,"Bans lifted 에서 Eastern 유럽 과 아프리카 make it easier 로 reach 390,000,000 more 사람들",,,,,,https://www.jw.org/finder?srcid=jwlshare&wtlocale=E&prefer=lang&docid=1101993046&par=109,Historical
4,1893,9,12,,,Brother F. W. 프란츠,1992,12,22,,,https://www.jw.org/finder?srcid=jwlshare&wtlocale=E&prefer=lang&docid=1993207&par=2,Person
3,1997,,,,,www.watchtower.org available,,,,,,https://www.jw.org/finder?srcid=jwlshare&wtlocale=E&prefer=lang&docid=1102014246&par=25,Historical
3,1999,,,,,Program 동안 construction 의 왕국 Halls 에서 developing lands,,,,,,https://www.jw.org/finder?srcid=jwlshare&wtlocale=E&prefer=lang&docid=1102014258&par=14,Historical
3,2000,,,,,사용 의 피 fractions is discussed 에서 detail,,,,,,https://www.jw.org/finder?srcid=jwlshare&wtlocale=E&prefer=lang&docid=2023404&par=51,Historical
3,2001,9,11,,,Twin Towers 파괴되다,,,,,,https://www.jw.org/finder?srcid=jwlshare&wtlocale=E&prefer=lang&docid=302003002&par=11,Historical
3,2002,6,17,,,U.S. Supreme 법정 upholds right 로 전파하다 without permit,,,,,,https://www.jw.org/finder?srcid=jwlshare&wtlocale=E&prefer=lang&docid=1102014252&par=132,Historical
3,2012,,,,,seriousness 의 viewing abhorrent forms 의 음란물 is clearly emphasized,,,,,,https://www.jw.org/finder?srcid=jwlshare&wtlocale=E&prefer=lang&docid=2023404&par=51,Historical
3,2008,1,1,,,Watchtower 시작하다 공개 과 study editions,,,,,,https://www.jw.org/finder?srcid=jwlshare&wtlocale=E&prefer=lang&docid=2008000&par=11,Historical
3,2008,1,1,,,공개 talks reduced 로 30 minutes,,,,,,https://www.jw.org/finder?srcid=jwlshare&wtlocale=E&prefer=lang&docid=1102014255&par=15,Historical
4,2009,1,1,,,Evening 동안 가족 worship established (instead 의 회중 책 Study),,,,,,https://www.jw.org/finder?srcid=jwlshare&wtlocale=E&prefer=lang&docid=1102014255&par=59,Historical
3,2009,1,1,,,회중 성경 Study 되다 part 의 Theocratic 봉사 학교 과 Service Meeting,,,,,,https://www.jw.org/finder?srcid=jwlshare&wtlocale=E&prefer=lang&docid=1102014255&par=59,Historical
3,2010,10,2,,,성경 학교 동안 Single Brothers (instead 의 Ministerial Training 학교),,,,,,https://www.jw.org/finder?wtlocale=E&docid=302012017&srctype=wol&srcid=share&par=20,Historical
3,2011,7,,,,성경 학교 동안 Christian Couples 시작하다,,,,,,https://www.jw.org/finder?srcid=jwlshare&wtlocale=E&prefer=lang&docid=2012686&par=74,Historical
3,2011,11,,,,Special metropolitan witnessing 와 함께 displays 과 literature 시작하다,,,,,,https://www.jw.org/finder?wtlocale=E&docid=202013245&srctype=wol&srcid=share&par=3,Historical
3,2012,8,27,,,Redesigned jw.org website,,,,,,https://www.jw.org/finder?wtlocale=E&docid=2013002&srctype=wol&srcid=share&par=5,Historical
4,2013,10,,,,LDC 마련 established,,,,,,https://www.jw.org/finder?wtlocale=E&docid=302015053&srctype=wol&srcid=share&par=3,Historical
3,2014,10,6,,,JW Broadcasting launched,,,,,,https://www.jw.org/finder?wtlocale=E&docid=302016046&srctype=wol&srcid=share&par=3,Historical
3,2015,,,,,학교 동안 왕국 Evangelizers created (instead 의 성경 학교 동안 Christian Couples),,,,,,https://www.jw.org/finder?srcid=jwlshare&wtlocale=E&prefer=lang&docid=2017321&par=29,Historical
3,2017,5,27,,,신세계역 석방되다 에서 Dutch,,,,,,https://wol.jw.org/nl/wol/d/r18/lp-o/1102014481,Historical
3,2018,,,,,공개 magazines 로 be issued three times 년,,,,,,https://www.jw.org/finder?wtlocale=E&docid=202020449&srctype=wol&srcid=share&par=3,Historical
3,2018,,,,,생명 과 봉사 Meeting,,,,,,https://www.jw.org/finder?wtlocale=E&docid=302017039&srctype=wol&srcid=share&par=3,Historical
6,-4026,,,,,아담,,,,,,https://www.jw.org/finder?srcid=jwlshare&wtlocale=E&prefer=lang&docid=1200000089&par=7,Historical
4,1881,,,,,Zion’s 파수대 promotes 봉사,,,,,,https://www.jw.org/finder?wtlocale=E&docid=2020408&srctype=wol&srcid=share&par=14,Historical
5,-2,10,1,,,예수,33,3,29,15,,https://www.jw.org/finder?srcid=jwlshare&wtlocale=E&prefer=lang&docid=1200002451&par=34,Person
5,1870,,,,,Great 브리튼 남쪽 왕,1917,,,,,https://www.jw.org/finder?wtlocale=E&docid=2020400&srctype=wol&srcid=share&par=14,Period South
5,1871,,,,,Germany 북쪽 왕,1945,,,,,https://www.jw.org/finder?wtlocale=E&docid=2020400&srctype=wol&srcid=share&par=17,Period North
5,1917,,,,,영미 동맹 남쪽 왕,2026,9,27,23,,https://www.jw.org/finder?wtlocale=E&docid=1101999035&srctype=wol&srcid=share&par=19,Period South
5,1945,,,,,소련 과 its 동맹국 북쪽 왕,1991,,,,,https://wol.jw.org/en/wol/d/r1/lp-e/2020408,Period North
5,1991,,,,,러시아 과 its 동맹국 북쪽 왕,2026,9,27,23,,https://www.jw.org/finder?wtlocale=E&docid=2020401&srctype=wol&srcid=share&par=9,Period North
5,1920,1,16,,,국제 연맹,1940,,,,,https://www.jw.org/finder?wtlocale=E&docid=2022480&srctype=wol&srcid=share&par=21,Period
5,1945,10,24,,,국제 연합,2026,9,27,23,,https://www.jw.org/finder?wtlocale=E&docid=2022480&srctype=wol&srcid=share&par=21,Period
3,1991,,,,,Relief 에서 박해 when 소련 collapsed: ‘they will be given little help’ (Dan. 11:34),,,,,,https://www.jw.org/finder?wtlocale=E&docid=1102022210&srctype=wol&srcid=share&par=52,Historical
4,1919,1,,,,1290 일 (Dan. 12:11),1922,9,,,,https://www.jw.org/finder?srcid=jwlshare&wtlocale=E&prefer=lang&docid=1101999037&par=30,Period
4,1922,9,,,,1335 일 (Dan. 12:12),1926,5,,,,https://www.jw.org/finder?wtlocale=E&docid=1101999037&srctype=wol&srcid=share&par=87,Period
4,2020,3,11,,,코로나19가 세계적 유행병이 되다,,,,,,https://www.who.int/director-general/speeches/detail/who-director-general-s-opening-remarks-at-the-media-briefing-on-covid-19---11-march-2020,Pestilence
4,2020,3,11,,,COVID-19 pandemice,2022,10,1,,1440,https://www.who.int/director-general/speeches/detail/who-director-general-s-opening-remarks-at-the-media-briefing-on-covid-19---11-march-2020,Pestilence
3,2020,3,,,,"Meetings 과 야외 봉사 worldwide ~을 통해 videoconference, 전화 or 편지",,,,,,,Pestilence
3,2022,4,1,,,"Meetings 에서 person (와 함께 마스크) hybrid, 야외 봉사 still ~을 통해 전화 or 편지",,,,,,,Pestilence
3,2022,2,24,,,러시아 시작되다 전쟁 와 함께 우크라이나,,,,,,https://www.jw.org/finder?wtlocale=E&docid=501100038&srctype=wol&srcid=share&par=3,Historical
4,2022,2,24,,,러시아와 우크라이나 사이의 전쟁,2026,9,27,23,,https://www.jw.org/finder?wtlocale=E&docid=501100038&srctype=wol&srcid=share&par=3,War
3,2022,9,1,,,야외 봉사 에서 person again,,,,,,,Pestilence
3,2022,10,1,,,Meetings 에서 person without 마스크,,,,,,,Pestilence
3,2023,1,6,,,"Hour requirement 의 special, regular 과 auxiliary pioniers lowered 로 100/90, 50, 30/15",,,,,,https://www.jw.org/nl/bibliotheek/videos/#nl/mediaitems/StudioNewsReports/docid-702023003_1_VIDEO,Historical
3,2023,10,7,,,명확히 설명됨 에 opportunity 로 side 와 함께 여호와’s 사람들 even 후 바빌론 Great is 파괴되다,,,,,,https://www.jw.org/finder?srcid=jwlshare&wtlocale=E&prefer=lang&docid=2024406&par=7,Annual Meeting
3,2023,10,7,,,Adjusted approaches 로 봉사 (Love 사람들),,,,,,https://www.jw.org/en/library/videos/#en/mediaitems/VODPgmEvtAnnMtg/pub-jwb-108_1_VIDEO,Annual Meeting
4,2023,10,7,,,하마스와 이스라엘 사이의 전쟁,2025,10,10,,,https://en.wikipedia.org/wiki/2023_Israel–Hamas_war,War
3,2023,11,1,,,No 야외 봉사 hours reporting anymore 동안 publishers,,,,,,https://www.jw.org/en/library/videos/#en/mediaitems/VODPgmEvtAnnMtg/pub-jwb-108_1_VIDEO,Historical
3,2023,12,15,14,,명확히 설명됨 와 함께 regard 로 wearing 의 수염,,,,,,https://www.jw.org/en/news/region/global/2023-Governing-Body-Update-8/,Historical
3,2024,3,15,14,,조정 에 treating person who has been removed 에서 회중 과 our standard 의 dress,,,,,,https://www.jw.org/en/news/region/global/2024-Governing-Body-Update-2/,Historical
3,2024,10,5,,,"Bethel service 최소 연령: 18, SKE 최소 연령: 21",,,,,,,Historical
3,2024,10,5,,,중앙장로회 now consists 의 11 members,,,,,,https://www.jw.org/en/jehovahs-witnesses/faq/governing-body-jw-helpers/,Historical
3,2024,10,5,,,"명확히 설명됨 에 Revelation 17:13, 17 - give power 과 authority 로 UN.",,,,,,https://www.jw.org/finder?srcid=jwlshare&wtlocale=E&prefer=lang&docid=2025646,Update
3,2025,7,5,,,조정 에 toasting/clinking glasses,,,,,,https://www.jw.org/en/library/videos/#en/mediaitems/StudioNewsReports/docid-1112024035_1_VIDEO,Update
3,2025,8,22,,,조정 에 our view 에 secular 교육,,,,,,https://www.jw.org/finder?srcid=jwlshare&wtlocale=E&lank=docid-1112024036_1_VIDEO,Update
3,2025,10,4,,,"Clarified belief 에 Psalms 91:1, 2, 12",,,,,,,Annual Meeting
3,2026,2,28,,,전쟁 between 미국 과 이스라엘 versus 이란,2026,9,27,23,,https://en.wikipedia.org/wiki/2026_Iran_war,War
3,2026,3,20,,,명확히 설명됨 에 의학적 사용 의 one’s 자신의 피,,,,,,https://www.jw.org/finder?srcid=jwlshare&wtlocale=E&lank=docid-1112024049_1_VIDEO,Update

